Player,Position,Age,Matches Played,Matches Started,Minutes,90s,Goals,Assists,Goals and Assists,Non-Penalty Goals,Penalty Kicks Made,Penalty Kicks Attempted,Yellow Cards,Red Cards,Goals/90,Assists/90,Goals and Assists/90,Non-Penalty Goals/90,Non-Penalty Goals + Assists/90,Season
Rodri,Midfielders,27,34,34,2931.0,32.6,8.0,9.0,17.0,8.0,0.0,0.0,8.0,1.0,0.25,0.28,0.52,0.25,0.52,2023-2024
Phil Foden,"Forwards, Midfielders",23,35,33,2857.0,31.7,19.0,8.0,27.0,19.0,0.0,0.0,2.0,0.0,0.6,0.25,0.85,0.6,0.85,2023-2024
Ederson,Goalkeepers,29,33,33,2785.0,30.9,0.0,0.0,0.0,0.0,0.0,0.0,5.0,0.0,0.0,0.0,0.0,0.0,0.0,2023-2024
Julián Álvarez,"Midfielders, Forwards",23,36,31,2647.0,29.4,11.0,8.0,19.0,9.0,2.0,2.0,2.0,0.0,0.37,0.27,0.65,0.31,0.58,2023-2024
Kyle Walker,Defenders,33,32,30,2767.0,30.7,0.0,4.0,4.0,0.0,0.0,0.0,2.0,0.0,0.0,0.13,0.13,0.0,0.13,2023-2024
Bernardo Silva,"Midfielders, Forwards",28,33,29,2578.0,28.6,6.0,9.0,15.0,6.0,0.0,0.0,8.0,0.0,0.21,0.31,0.52,0.21,0.52,2023-2024
Erling Haaland,Forwards,23,31,29,2552.0,28.4,27.0,5.0,32.0,20.0,7.0,8.0,1.0,0.0,0.95,0.18,1.13,0.71,0.88,2023-2024
Rúben Dias,Defenders,26,30,28,2559.0,28.4,0.0,0.0,0.0,0.0,0.0,0.0,0.0,0.0,0.0,0.0,0.0,0.0,0.0,2023-2024
Manuel Akanji,"Defenders, Midfielders",28,30,28,2511.0,27.9,2.0,0.0,2.0,2.0,0.0,0.0,4.0,1.0,0.07,0.0,0.07,0.07,0.07,2023-2024
Joško Gvardiol,Defenders,21,28,26,2328.0,25.9,4.0,1.0,5.0,4.0,0.0,0.0,3.0,0.0,0.15,0.04,0.19,0.15,0.19,2023-2024
Nathan Aké,Defenders,28,29,24,2042.0,22.7,2.0,2.0,4.0,2.0,0.0,0.0,0.0,0.0,0.09,0.09,0.18,0.09,0.18,2023-2024
Jeremy Doku,"Forwards, Midfielders",21,29,18,1595.0,17.7,3.0,8.0,11.0,3.0,0.0,0.0,3.0,0.0,0.17,0.45,0.62,0.17,0.62,2023-2024
Mateo Kovačić,Midfielders,29,30,16,1551.0,17.2,1.0,0.0,1.0,1.0,0.0,0.0,4.0,0.0,0.06,0.0,0.06,0.06,0.06,2023-2024
Kevin De Bruyne,Midfielders,32,18,15,1221.0,13.6,4.0,10.0,14.0,4.0,0.0,0.0,2.0,0.0,0.29,0.74,1.03,0.29,1.03,2023-2024
John Stones,"Defenders, Midfielders",29,16,12,1064.0,11.8,1.0,0.0,1.0,1.0,0.0,0.0,2.0,0.0,0.08,0.0,0.08,0.08,0.08,2023-2024
Jack Grealish,"Forwards, Midfielders",27,20,10,1009.0,11.2,3.0,1.0,4.0,3.0,0.0,0.0,6.0,0.0,0.27,0.09,0.36,0.27,0.36,2023-2024
Rico Lewis,"Defenders, Midfielders",18,16,8,809.0,9.0,2.0,0.0,2.0,2.0,0.0,0.0,1.0,0.0,0.22,0.0,0.22,0.22,0.22,2023-2024
Matheus Nunes,Midfielders,24,17,7,661.0,7.3,0.0,2.0,2.0,0.0,0.0,0.0,0.0,0.0,0.0,0.27,0.27,0.0,0.27,2023-2024
Stefan Ortega,Goalkeepers,30,9,5,635.0,7.1,0.0,0.0,0.0,0.0,0.0,0.0,0.0,0.0,0.0,0.0,0.0,0.0,0.0,2023-2024
Oscar Bobb,"Forwards, Midfielders",20,14,2,302.0,3.4,1.0,1.0,2.0,1.0,0.0,0.0,0.0,0.0,0.3,0.3,0.6,0.3,0.6,2023-2024
Kalvin Phillips,Midfielders,27,4,0,93.0,1.0,0.0,0.0,0.0,0.0,0.0,0.0,0.0,0.0,0.0,0.0,0.0,0.0,0.0,2023-2024
Sergio Gómez,"Forwards, Midfielders",22,6,0,53.0,0.6,0.0,1.0,1.0,0.0,0.0,0.0,0.0,0.0,0.0,1.7,1.7,0.0,1.7,2023-2024
Aymeric Laporte,Defenders,29,1,0,12.0,0.1,0.0,0.0,0.0,0.0,0.0,0.0,0.0,0.0,0.0,0.0,0.0,0.0,0.0,2023-2024
Cole Palmer,Midfielders,21,1,0,11.0,0.1,0.0,0.0,0.0,0.0,0.0,0.0,0.0,0.0,0.0,0.0,0.0,0.0,0.0,2023-2024
James Mcatee,Midfielders,20,1,0,1.0,0.0,0.0,0.0,0.0,0.0,0.0,0.0,0.0,0.0,0.0,0.0,0.0,0.0,0.0,2023-2024
Scott Carson,Goalkeepers,37,0,0,,,,,,,,,,,,,,,,2023-2024
Micah Hamilton,Midfielders,19,0,0,,,,,,,,,,,,,,,,2023-2024
Máximo Perrone,Midfielders,20,0,0,,,,,,,,,,,,,,,,2023-2024
Mahamadou Susoho,Defenders,18,0,0,,,,,,,,,,,,,,,,2023-2024
Jacob Wright,Midfielders,17,0,0,,,,,,,,,,,,,,,,2023-2024
Ederson,Goalkeepers,28,35,35,3150.0,35.0,0.0,1.0,1.0,0.0,0.0,0.0,3.0,0.0,0.0,0.03,0.03,0.0,0.03,2022-2023
Rodri,Midfielders,26,36,34,2911.0,32.3,2.0,6.0,8.0,2.0,0.0,0.0,5.0,0.0,0.06,0.19,0.25,0.06,0.25,2022-2023
Erling Haaland,Forwards,22,35,33,2769.0,30.8,36.0,8.0,44.0,29.0,7.0,7.0,5.0,0.0,1.17,0.26,1.43,0.94,1.2,2022-2023
Kevin De Bruyne,Midfielders,31,32,28,2417.0,26.9,7.0,16.0,23.0,7.0,0.0,0.0,1.0,0.0,0.26,0.6,0.86,0.26,0.86,2022-2023
İlkay Gündoğan,Midfielders,31,31,27,2353.0,26.1,8.0,4.0,12.0,8.0,0.0,1.0,0.0,0.0,0.31,0.15,0.46,0.31,0.46,2022-2023
Manuel Akanji,Defenders,27,29,24,2287.0,25.4,0.0,1.0,1.0,0.0,0.0,0.0,2.0,0.0,0.0,0.04,0.04,0.0,0.04,2022-2023
Bernardo Silva,"Midfielders, Forwards",27,34,24,2205.0,24.5,4.0,5.0,9.0,4.0,0.0,0.0,5.0,0.0,0.16,0.2,0.37,0.16,0.37,2022-2023
Jack Grealish,Forwards,26,28,23,2055.0,22.8,5.0,7.0,12.0,5.0,0.0,0.0,4.0,0.0,0.22,0.31,0.53,0.22,0.53,2022-2023
Rúben Dias,Defenders,25,26,22,1998.0,22.2,0.0,0.0,0.0,0.0,0.0,0.0,3.0,0.0,0.0,0.0,0.0,0.0,0.0,2022-2023
Kyle Walker,Defenders,32,27,22,1958.0,21.8,0.0,0.0,0.0,0.0,0.0,0.0,3.0,0.0,0.0,0.0,0.0,0.0,0.0,2022-2023
Riyad Mahrez,"Forwards, Midfielders",31,30,22,1920.0,21.3,5.0,10.0,15.0,4.0,1.0,1.0,2.0,0.0,0.23,0.47,0.7,0.19,0.66,2022-2023
Nathan Aké,Defenders,27,26,22,1873.0,20.8,1.0,0.0,1.0,1.0,0.0,0.0,2.0,0.0,0.05,0.0,0.05,0.05,0.05,2022-2023
Phil Foden,Forwards,22,32,22,1842.0,20.5,11.0,6.0,17.0,11.0,0.0,0.0,1.0,0.0,0.54,0.29,0.83,0.54,0.83,2022-2023
John Stones,"Defenders, Midfielders",28,23,21,1846.0,20.5,2.0,2.0,4.0,2.0,0.0,0.0,2.0,0.0,0.1,0.1,0.2,0.1,0.2,2022-2023
João Cancelo,Defenders,28,17,16,1274.0,14.2,2.0,1.0,3.0,2.0,0.0,0.0,3.0,1.0,0.14,0.07,0.21,0.14,0.21,2022-2023
Julián Álvarez,"Forwards, Midfielders",22,31,13,1465.0,16.3,9.0,0.0,9.0,8.0,1.0,1.0,0.0,0.0,0.55,0.0,0.55,0.49,0.49,2022-2023
Aymeric Laporte,Defenders,28,12,11,993.0,11.0,0.0,0.0,0.0,0.0,0.0,0.0,0.0,0.0,0.0,0.0,0.0,0.0,0.0,2022-2023
Rico Lewis,"Defenders, Midfielders",17,14,10,903.0,10.0,0.0,0.0,0.0,0.0,0.0,0.0,1.0,0.0,0.0,0.0,0.0,0.0,0.0,2022-2023
Stefan Ortega,Goalkeepers,29,3,3,270.0,3.0,0.0,0.0,0.0,0.0,0.0,0.0,0.0,0.0,0.0,0.0,0.0,0.0,0.0,2022-2023
Cole Palmer,"Midfielders, Forwards",20,14,2,370.0,4.1,0.0,1.0,1.0,0.0,0.0,0.0,1.0,0.0,0.0,0.24,0.24,0.0,0.24,2022-2023
Sergio Gómez,"Defenders, Midfielders",21,12,2,349.0,3.9,0.0,1.0,1.0,0.0,0.0,0.0,0.0,0.0,0.0,0.26,0.26,0.0,0.26,2022-2023
Kalvin Phillips,Midfielders,26,12,2,300.0,3.3,0.0,0.0,0.0,0.0,0.0,0.0,1.0,0.0,0.0,0.0,0.0,0.0,0.0,2022-2023
Shea Charles,Defenders,18,1,0,28.0,0.3,0.0,0.0,0.0,0.0,0.0,0.0,0.0,0.0,0.0,0.0,0.0,0.0,0.0,2022-2023
Máximo Perrone,Midfielders,19,1,0,19.0,0.2,0.0,0.0,0.0,0.0,0.0,0.0,0.0,0.0,0.0,0.0,0.0,0.0,0.0,2022-2023
Scott Carson,Goalkeepers,36,0,0,,,,,,,,,,,,,,,,2022-2023
Liam Delap,Forwards,19,0,0,,,,,,,,,,,,,,,,2022-2023
Claudio Gomes,Midfielders,22,0,0,,,,,,,,,,,,,,,,2022-2023
Ben Knight,Midfielders,20,0,0,,,,,,,,,,,,,,,,2022-2023
Luke Mbete-Tatu,Defenders,18,0,0,,,,,,,,,,,,,,,,2022-2023
Nico O’Reilly,Forwards,17,0,0,,,,,,,,,,,,,,,,2022-2023
Alexander Robertson,Midfielders,19,0,0,,,,,,,,,,,,,,,,2022-2023
Josh Wilson-Esbrand,Defenders,19,0,0,,,,,,,,,,,,,,,,2022-2023
Ederson,Goalkeepers,27,37,37,3330.0,37.0,0.0,0.0,0.0,0.0,0.0,0.0,3.0,0.0,0.0,0.0,0.0,0.0,0.0,2021-2022
João Cancelo,Defenders,27,36,36,3227.0,35.9,1.0,7.0,8.0,1.0,0.0,0.0,7.0,0.0,0.03,0.2,0.22,0.03,0.22,2021-2022
Rodri,Midfielders,25,33,33,2884.0,32.0,7.0,2.0,9.0,7.0,0.0,0.0,5.0,0.0,0.22,0.06,0.28,0.22,0.28,2021-2022
Bernardo Silva,"Midfielders, Forwards",26,35,33,2857.0,31.7,8.0,4.0,12.0,8.0,0.0,0.0,6.0,0.0,0.25,0.13,0.38,0.25,0.38,2021-2022
Aymeric Laporte,Defenders,27,33,33,2828.0,31.4,4.0,0.0,4.0,4.0,0.0,0.0,5.0,1.0,0.13,0.0,0.13,0.13,0.13,2021-2022
Rúben Dias,Defenders,24,29,27,2402.0,26.7,2.0,4.0,6.0,2.0,0.0,0.0,5.0,0.0,0.07,0.15,0.22,0.07,0.22,2021-2022
Kevin De Bruyne,Midfielders,30,30,25,2201.0,24.5,15.0,8.0,23.0,15.0,0.0,0.0,2.0,0.0,0.61,0.33,0.94,0.61,0.94,2021-2022
Phil Foden,Forwards,21,28,24,2128.0,23.6,9.0,5.0,14.0,9.0,0.0,0.0,1.0,0.0,0.38,0.21,0.59,0.38,0.59,2021-2022
Raheem Sterling,Forwards,26,30,23,2128.0,23.6,13.0,5.0,18.0,11.0,2.0,3.0,1.0,0.0,0.55,0.21,0.76,0.47,0.68,2021-2022
Jack Grealish,Forwards,25,26,22,1914.0,21.3,3.0,3.0,6.0,3.0,0.0,0.0,3.0,0.0,0.14,0.14,0.28,0.14,0.28,2021-2022
Gabriel Jesus,Forwards,24,28,21,1877.0,20.9,8.0,8.0,16.0,7.0,1.0,1.0,1.0,0.0,0.38,0.38,0.77,0.34,0.72,2021-2022
İlkay Gündoğan,Midfielders,30,27,20,1857.0,20.6,8.0,4.0,12.0,8.0,0.0,0.0,1.0,0.0,0.39,0.19,0.58,0.39,0.58,2021-2022
Kyle Walker,Defenders,31,20,20,1755.0,19.5,0.0,2.0,2.0,0.0,0.0,0.0,1.0,0.0,0.0,0.1,0.1,0.0,0.1,2021-2022
Riyad Mahrez,Forwards,30,28,15,1498.0,16.6,11.0,5.0,16.0,7.0,4.0,5.0,0.0,0.0,0.66,0.3,0.96,0.42,0.72,2021-2022
John Stones,Defenders,27,14,12,1119.0,12.4,1.0,0.0,1.0,1.0,0.0,0.0,0.0,0.0,0.08,0.0,0.08,0.08,0.08,2021-2022
Oleksandr Zinchenko,Defenders,24,15,10,1047.0,11.6,0.0,4.0,4.0,0.0,0.0,0.0,0.0,0.0,0.0,0.34,0.34,0.0,0.34,2021-2022
Fernandinho,"Midfielders, Defenders",36,19,10,964.0,10.7,2.0,1.0,3.0,2.0,0.0,0.0,1.0,0.0,0.19,0.09,0.28,0.19,0.28,2021-2022
Nathan Aké,Defenders,26,14,10,923.0,10.3,2.0,0.0,2.0,2.0,0.0,0.0,0.0,0.0,0.2,0.0,0.2,0.2,0.2,2021-2022
Ferrán Torres,Forwards,21,4,4,303.0,3.4,2.0,1.0,3.0,2.0,0.0,0.0,0.0,0.0,0.59,0.3,0.89,0.59,0.89,2021-2022
Cole Palmer,"Forwards, Midfielders",19,4,1,123.0,1.4,0.0,0.0,0.0,0.0,0.0,0.0,0.0,0.0,0.0,0.0,0.0,0.0,0.0,2021-2022
Zack Steffen,Goalkeepers,26,1,1,90.0,1.0,0.0,0.0,0.0,0.0,0.0,0.0,0.0,0.0,0.0,0.0,0.0,0.0,0.0,2021-2022
Benjamin Mendy,Defenders,27,1,1,78.0,0.9,0.0,0.0,0.0,0.0,0.0,0.0,0.0,0.0,0.0,0.0,0.0,0.0,0.0,2021-2022
James Mcatee,"Midfielders, Forwards",18,2,0,20.0,0.2,0.0,0.0,0.0,0.0,0.0,0.0,0.0,0.0,0.0,0.0,0.0,0.0,0.0,2021-2022
Liam Delap,Forwards,18,1,0,10.0,0.1,0.0,0.0,0.0,0.0,0.0,0.0,0.0,0.0,0.0,0.0,0.0,0.0,0.0,2021-2022
Kayky Chagas,Forwards,18,1,0,7.0,0.1,0.0,0.0,0.0,0.0,0.0,0.0,0.0,0.0,0.0,0.0,0.0,0.0,0.0,2021-2022
CJ Egan-Riley,Defenders,18,1,0,4.0,0.0,0.0,0.0,0.0,0.0,0.0,0.0,0.0,0.0,0.0,0.0,0.0,0.0,0.0,2021-2022
Scott Carson,Goalkeepers,35,0,0,,,,,,,,,,,,,,,,2021-2022
Tommy Doyle,Midfielders,19,0,0,,,,,,,,,,,,,,,,2021-2022
Samuel Edozie,"Forwards, Midfielders",18,0,0,,,,,,,,,,,,,,,,2021-2022
Roméo Lavia,Midfielders,17,0,0,,,,,,,,,,,,,,,,2021-2022
Luke Mbete-Tatu,Defenders,17,0,0,,,,,,,,,,,,,,,,2021-2022
Cieran Slicker,Goalkeepers,18,0,0,,,,,,,,,,,,,,,,2021-2022
Josh Wilson-Esbrand,Defenders,18,0,0,,,,,,,,,,,,,,,,2021-2022
Ederson,Goalkeepers,26,36,36,3240.0,36.0,0.0,1.0,1.0,0.0,0.0,0.0,3.0,0.0,0.0,0.03,0.03,0.0,0.03,2020-2021
Rúben Dias,Defenders,23,32,32,2843.0,31.6,1.0,0.0,1.0,1.0,0.0,0.0,4.0,0.0,0.03,0.0,0.03,0.03,0.03,2020-2021
Rodri,Midfielders,24,34,31,2748.0,30.5,2.0,2.0,4.0,1.0,1.0,1.0,6.0,0.0,0.07,0.07,0.13,0.03,0.1,2020-2021
Raheem Sterling,Forwards,25,31,28,2536.0,28.2,10.0,7.0,17.0,10.0,0.0,1.0,4.0,0.0,0.35,0.25,0.6,0.35,0.6,2020-2021
João Cancelo,"Defenders, Midfielders",26,28,27,2299.0,25.5,2.0,3.0,5.0,2.0,0.0,0.0,5.0,1.0,0.08,0.12,0.2,0.08,0.2,2020-2021
Bernardo Silva,"Midfielders, Forwards",25,26,24,2065.0,22.9,2.0,6.0,8.0,2.0,0.0,0.0,5.0,0.0,0.09,0.26,0.35,0.09,0.35,2020-2021
İlkay Gündoğan,Midfielders,29,28,23,2029.0,22.5,13.0,2.0,15.0,12.0,1.0,2.0,1.0,0.0,0.58,0.09,0.67,0.53,0.62,2020-2021
Kevin De Bruyne,Midfielders,29,25,23,1997.0,22.2,6.0,12.0,18.0,4.0,2.0,3.0,1.0,0.0,0.27,0.54,0.81,0.18,0.72,2020-2021
Riyad Mahrez,Forwards,29,27,23,1949.0,21.7,9.0,6.0,15.0,9.0,0.0,0.0,0.0,0.0,0.42,0.28,0.69,0.42,0.69,2020-2021
Gabriel Jesus,Forwards,23,29,22,2063.0,22.9,9.0,4.0,13.0,9.0,0.0,0.0,2.0,0.0,0.39,0.17,0.57,0.39,0.57,2020-2021
Kyle Walker,Defenders,30,24,22,1946.0,21.6,1.0,1.0,2.0,1.0,0.0,0.0,1.0,0.0,0.05,0.05,0.09,0.05,0.09,2020-2021
John Stones,Defenders,26,22,22,1933.0,21.5,4.0,0.0,4.0,4.0,0.0,0.0,0.0,1.0,0.19,0.0,0.19,0.19,0.19,2020-2021
Phil Foden,"Forwards, Midfielders",20,28,17,1616.0,18.0,9.0,5.0,14.0,9.0,0.0,0.0,0.0,0.0,0.5,0.28,0.78,0.5,0.78,2020-2021
Oleksandr Zinchenko,Defenders,23,20,15,1478.0,16.4,0.0,0.0,0.0,0.0,0.0,0.0,0.0,0.0,0.0,0.0,0.0,0.0,0.0,2020-2021
Ferrán Torres,"Forwards, Midfielders",20,24,15,1306.0,14.5,7.0,2.0,9.0,7.0,0.0,0.0,1.0,0.0,0.48,0.14,0.62,0.48,0.62,2020-2021
Aymeric Laporte,Defenders,26,16,14,1344.0,14.9,0.0,0.0,0.0,0.0,0.0,0.0,1.0,0.0,0.0,0.0,0.0,0.0,0.0,2020-2021
Fernandinho,Midfielders,35,21,12,1188.0,13.2,0.0,2.0,2.0,0.0,0.0,0.0,6.0,0.0,0.0,0.15,0.15,0.0,0.15,2020-2021
Benjamin Mendy,Defenders,26,13,11,953.0,10.6,2.0,1.0,3.0,2.0,0.0,0.0,2.0,0.0,0.19,0.09,0.28,0.19,0.28,2020-2021
Nathan Aké,Defenders,25,10,9,797.0,8.9,1.0,0.0,1.0,1.0,0.0,0.0,4.0,0.0,0.11,0.0,0.11,0.11,0.11,2020-2021
Sergio Agüero,Forwards,32,12,7,559.0,6.2,4.0,1.0,5.0,3.0,1.0,2.0,0.0,0.0,0.64,0.16,0.81,0.48,0.64,2020-2021
Eric García,Defenders,19,6,3,383.0,4.3,0.0,0.0,0.0,0.0,0.0,0.0,0.0,0.0,0.0,0.0,0.0,0.0,0.0,2020-2021
Scott Carson,Goalkeepers,34,1,1,90.0,1.0,0.0,0.0,0.0,0.0,0.0,0.0,0.0,0.0,0.0,0.0,0.0,0.0,0.0,2020-2021
Zack Steffen,Goalkeepers,25,1,1,90.0,1.0,0.0,0.0,0.0,0.0,0.0,0.0,0.0,0.0,0.0,0.0,0.0,0.0,0.0,2020-2021
Liam Delap,Forwards,17,1,0,40.0,0.4,0.0,0.0,0.0,0.0,0.0,0.0,0.0,0.0,0.0,0.0,0.0,0.0,0.0,2020-2021
Adrian Bernabe,Midfielders,19,0,0,,,,,,,,,,,,,,,,2020-2021
Tommy Doyle,Midfielders,18,0,0,,,,,,,,,,,,,,,,2020-2021
Claudio Gomes,Midfielders,20,0,0,,,,,,,,,,,,,,,,2020-2021
Taylor Harwood-Bellis,Defenders,18,0,0,,,,,,,,,,,,,,,,2020-2021
Luke Mbete-Tatu,Defenders,16,0,0,,,,,,,,,,,,,,,,2020-2021
Felix Nmecha,Midfielders,19,0,0,,,,,,,,,,,,,,,,2020-2021
Nicolás Otamendi,Defenders,32,0,0,,,,,,,,,,,,,,,,2020-2021
Cole Palmer,"Forwards, Midfielders",18,0,0,,,,,,,,,,,,,,,,2020-2021
James Trafford,Goalkeepers,17,0,0,,,,,,,,,,,,,,,,2020-2021
Ederson,Goalkeepers,25,35,35,3071.0,34.1,0.0,0.0,0.0,0.0,0.0,0.0,3.0,1.0,0.0,0.0,0.0,0.0,0.0,2019-2020
Kevin De Bruyne,Midfielders,28,35,32,2791.0,31.0,13.0,20.0,33.0,11.0,2.0,2.0,3.0,0.0,0.42,0.64,1.06,0.35,1.0,2019-2020
Raheem Sterling,Forwards,24,33,30,2651.0,29.5,20.0,1.0,21.0,20.0,0.0,2.0,5.0,0.0,0.68,0.03,0.71,0.68,0.71,2019-2020
Rodri,Midfielders,23,35,29,2486.0,27.6,3.0,2.0,5.0,3.0,0.0,0.0,8.0,0.0,0.11,0.07,0.18,0.11,0.18,2019-2020
Kyle Walker,Defenders,29,29,28,2392.0,26.6,1.0,4.0,5.0,1.0,0.0,0.0,5.0,0.0,0.04,0.15,0.19,0.04,0.19,2019-2020
Fernandinho,Defenders,34,30,26,2397.0,26.6,0.0,1.0,1.0,0.0,0.0,0.0,9.0,2.0,0.0,0.04,0.04,0.0,0.04,2019-2020
Bernardo Silva,"Forwards, Midfielders",24,34,23,2030.0,22.6,6.0,7.0,13.0,6.0,0.0,0.0,5.0,0.0,0.27,0.31,0.58,0.27,0.58,2019-2020
David Silva,Midfielders,33,27,22,1826.0,20.3,6.0,10.0,16.0,6.0,0.0,0.0,0.0,0.0,0.3,0.49,0.79,0.3,0.79,2019-2020
Gabriel Jesus,Forwards,22,34,21,2030.0,22.6,14.0,7.0,21.0,14.0,0.0,1.0,3.0,0.0,0.62,0.31,0.93,0.62,0.93,2019-2020
İlkay Gündoğan,Midfielders,28,31,21,2020.0,22.4,2.0,1.0,3.0,1.0,1.0,2.0,7.0,0.0,0.09,0.04,0.13,0.04,0.09,2019-2020
Riyad Mahrez,"Forwards, Midfielders",28,33,21,1944.0,21.6,11.0,9.0,20.0,10.0,1.0,1.0,0.0,0.0,0.51,0.42,0.93,0.46,0.88,2019-2020
Nicolás Otamendi,Defenders,31,24,18,1715.0,19.1,2.0,0.0,2.0,2.0,0.0,0.0,3.0,0.0,0.1,0.0,0.1,0.1,0.1,2019-2020
Benjamin Mendy,Defenders,25,19,18,1492.0,16.6,0.0,2.0,2.0,0.0,0.0,0.0,3.0,0.0,0.0,0.12,0.12,0.0,0.12,2019-2020
Sergio Agüero,Forwards,31,24,18,1452.0,16.1,16.0,3.0,19.0,14.0,2.0,3.0,1.0,0.0,0.99,0.19,1.18,0.87,1.05,2019-2020
Aymeric Laporte,Defenders,25,15,14,1097.0,12.2,1.0,0.0,1.0,1.0,0.0,0.0,1.0,0.0,0.08,0.0,0.08,0.08,0.08,2019-2020
Oleksandr Zinchenko,Defenders,22,19,13,1276.0,14.2,0.0,0.0,0.0,0.0,0.0,0.0,2.0,1.0,0.0,0.0,0.0,0.0,0.0,2019-2020
João Cancelo,Defenders,25,17,13,1208.0,13.4,0.0,0.0,0.0,0.0,0.0,0.0,4.0,0.0,0.0,0.0,0.0,0.0,0.0,2019-2020
John Stones,Defenders,25,16,12,1122.0,12.5,0.0,0.0,0.0,0.0,0.0,0.0,0.0,0.0,0.0,0.0,0.0,0.0,0.0,2019-2020
Phil Foden,"Forwards, Midfielders",19,23,9,901.0,10.0,5.0,2.0,7.0,5.0,0.0,0.0,0.0,0.0,0.5,0.2,0.7,0.5,0.7,2019-2020
Eric García,Defenders,18,13,8,793.0,8.8,0.0,0.0,0.0,0.0,0.0,0.0,1.0,0.0,0.0,0.0,0.0,0.0,0.0,2019-2020
Angeliño,Defenders,22,6,4,423.0,4.7,0.0,0.0,0.0,0.0,0.0,0.0,1.0,0.0,0.0,0.0,0.0,0.0,0.0,2019-2020
Claudio Bravo,Goalkeepers,36,4,3,347.0,3.9,0.0,0.0,0.0,0.0,0.0,0.0,0.0,0.0,0.0,0.0,0.0,0.0,0.0,2019-2020
Tommy Doyle,Midfielders,17,1,0,16.0,0.2,0.0,0.0,0.0,0.0,0.0,0.0,0.0,0.0,0.0,0.0,0.0,0.0,0.0,2019-2020
Leroy Sané,Forwards,23,1,0,12.0,0.1,0.0,0.0,0.0,0.0,0.0,0.0,0.0,0.0,0.0,0.0,0.0,0.0,0.0,2019-2020
Scott Carson,Goalkeepers,33,0,0,,,,,,,,,,,,,,,,2019-2020
Taylor Harwood-Bellis,Defenders,17,0,0,,,,,,,,,,,,,,,,2019-2020
Cole Palmer,"Forwards, Midfielders",17,0,0,,,,,,,,,,,,,,,,2019-2020
Ederson,Goalkeepers,24,38,38,3420.0,38.0,0.0,1.0,1.0,0.0,0.0,0.0,2.0,0.0,0.0,0.03,0.03,0.0,0.03,2018-2019
Aymeric Laporte,Defenders,24,35,34,3057.0,34.0,3.0,3.0,6.0,3.0,0.0,0.0,3.0,0.0,0.09,0.09,0.18,0.09,0.18,2018-2019
Bernardo Silva,"Midfielders, Forwards",23,36,31,2854.0,31.7,7.0,7.0,14.0,7.0,0.0,0.0,3.0,0.0,0.22,0.22,0.44,0.22,0.44,2018-2019
Raheem Sterling,Forwards,23,34,31,2771.0,30.8,17.0,9.0,26.0,17.0,0.0,0.0,3.0,0.0,0.55,0.29,0.84,0.55,0.84,2018-2019
Sergio Agüero,Forwards,30,33,31,2459.0,27.3,21.0,8.0,29.0,19.0,2.0,2.0,4.0,0.0,0.77,0.29,1.06,0.7,0.99,2018-2019
Kyle Walker,Defenders,28,33,30,2779.0,30.9,1.0,1.0,2.0,1.0,0.0,0.0,3.0,0.0,0.03,0.03,0.06,0.03,0.06,2018-2019
David Silva,Midfielders,32,33,28,2401.0,26.7,6.0,8.0,14.0,6.0,0.0,0.0,2.0,0.0,0.22,0.3,0.52,0.22,0.52,2018-2019
Fernandinho,Midfielders,33,29,27,2377.0,26.4,1.0,3.0,4.0,1.0,0.0,0.0,5.0,0.0,0.04,0.11,0.15,0.04,0.15,2018-2019
İlkay Gündoğan,Midfielders,27,31,23,2137.0,23.7,6.0,3.0,9.0,6.0,0.0,0.0,3.0,0.0,0.25,0.13,0.38,0.25,0.38,2018-2019
Leroy Sané,Forwards,22,31,21,1867.0,20.7,10.0,10.0,20.0,10.0,0.0,0.0,1.0,0.0,0.48,0.48,0.96,0.48,0.96,2018-2019
John Stones,Defenders,24,24,20,1764.0,19.6,0.0,0.0,0.0,0.0,0.0,0.0,1.0,0.0,0.0,0.0,0.0,0.0,0.0,2018-2019
Riyad Mahrez,"Forwards, Midfielders",27,27,14,1343.0,14.9,7.0,4.0,11.0,7.0,0.0,1.0,0.0,0.0,0.47,0.27,0.74,0.47,0.74,2018-2019
Nicolás Otamendi,Defenders,30,18,14,1236.0,13.7,0.0,0.0,0.0,0.0,0.0,0.0,1.0,0.0,0.0,0.0,0.0,0.0,0.0,2018-2019
Oleksandr Zinchenko,Defenders,21,14,14,1151.0,12.8,0.0,3.0,3.0,0.0,0.0,0.0,1.0,0.0,0.0,0.23,0.23,0.0,0.23,2018-2019
Vincent Kompany,Defenders,32,17,13,1224.0,13.6,1.0,0.0,1.0,1.0,0.0,0.0,6.0,0.0,0.07,0.0,0.07,0.07,0.07,2018-2019
Kevin De Bruyne,Midfielders,27,19,11,975.0,10.8,2.0,2.0,4.0,2.0,0.0,0.0,2.0,0.0,0.18,0.18,0.37,0.18,0.37,2018-2019
Benjamin Mendy,Defenders,24,10,10,900.0,10.0,0.0,5.0,5.0,0.0,0.0,0.0,1.0,0.0,0.0,0.5,0.5,0.0,0.5,2018-2019
Danilo,Defenders,27,11,9,807.0,9.0,1.0,0.0,1.0,1.0,0.0,0.0,1.0,0.0,0.11,0.0,0.11,0.11,0.11,2018-2019
Gabriel Jesus,Forwards,21,29,8,1036.0,11.5,7.0,3.0,10.0,6.0,1.0,1.0,1.0,0.0,0.61,0.26,0.87,0.52,0.78,2018-2019
Fabian Delph,Defenders,28,11,8,725.0,8.1,0.0,1.0,1.0,0.0,0.0,0.0,1.0,1.0,0.0,0.12,0.12,0.0,0.12,2018-2019
Phil Foden,Midfielders,18,13,3,335.0,3.7,1.0,0.0,1.0,1.0,0.0,0.0,0.0,0.0,0.27,0.0,0.27,0.27,0.27,2018-2019
Claudio Bravo,Goalkeepers,35,0,0,,,,,,,,,,,,,,,,2018-2019
Arijanet Muric,Goalkeepers,19,0,0,,,,,,,,,,,,,,,,2018-2019
Philippe Sandler,Defenders,21,0,0,,,,,,,,,,,,,,,,2018-2019
Ederson,Goalkeepers,23,36,36,3194.0,35.5,0.0,0.0,0.0,0.0,0.0,0.0,1.0,0.0,0.0,0.0,0.0,0.0,0.0,2017-2018
Kevin De Bruyne,Midfielders,26,37,36,3073.0,34.1,8.0,16.0,24.0,8.0,0.0,0.0,2.0,0.0,0.23,0.47,0.7,0.23,0.7,2017-2018
Nicolás Otamendi,Defenders,29,34,33,2967.0,33.0,4.0,0.0,4.0,4.0,0.0,0.0,9.0,0.0,0.12,0.0,0.12,0.12,0.12,2017-2018
Fernandinho,Midfielders,32,34,33,2881.0,32.0,5.0,3.0,8.0,5.0,0.0,0.0,7.0,0.0,0.16,0.09,0.25,0.16,0.25,2017-2018
Kyle Walker,Defenders,27,32,32,2785.0,30.9,0.0,6.0,6.0,0.0,0.0,0.0,3.0,2.0,0.0,0.19,0.19,0.0,0.19,2017-2018
Raheem Sterling,Forwards,22,33,29,2587.0,28.7,18.0,11.0,29.0,17.0,1.0,1.0,4.0,2.0,0.63,0.38,1.01,0.59,0.97,2017-2018
David Silva,Midfielders,31,29,28,2430.0,27.0,9.0,11.0,20.0,9.0,0.0,0.0,5.0,0.0,0.33,0.41,0.74,0.33,0.74,2017-2018
Leroy Sané,Forwards,21,32,27,2419.0,26.9,10.0,15.0,25.0,10.0,0.0,0.0,4.0,0.0,0.37,0.56,0.93,0.37,0.93,2017-2018
Sergio Agüero,Forwards,29,25,22,1963.0,21.8,21.0,6.0,27.0,17.0,4.0,4.0,2.0,0.0,0.96,0.28,1.24,0.78,1.05,2017-2018
Fabian Delph,Defenders,27,22,21,1741.0,19.3,1.0,2.0,3.0,1.0,0.0,0.0,2.0,0.0,0.05,0.1,0.16,0.05,0.16,2017-2018
Gabriel Jesus,Forwards,20,29,19,1668.0,18.5,13.0,3.0,16.0,13.0,0.0,2.0,6.0,0.0,0.7,0.16,0.86,0.7,0.86,2017-2018
Vincent Kompany,Defenders,31,17,17,1394.0,15.5,1.0,1.0,2.0,1.0,0.0,0.0,6.0,0.0,0.06,0.06,0.13,0.06,0.13,2017-2018
John Stones,Defenders,23,18,16,1302.0,14.5,0.0,0.0,0.0,0.0,0.0,0.0,0.0,0.0,0.0,0.0,0.0,0.0,0.0,2017-2018
Bernardo Silva,"Forwards, Midfielders",22,35,15,1533.0,17.0,6.0,4.0,10.0,6.0,0.0,0.0,0.0,0.0,0.35,0.23,0.59,0.35,0.59,2017-2018
İlkay Gündoğan,Midfielders,26,30,15,1517.0,16.9,4.0,1.0,5.0,3.0,1.0,1.0,3.0,0.0,0.24,0.06,0.3,0.18,0.24,2017-2018
Danilo,Defenders,26,23,13,1349.0,15.0,3.0,2.0,5.0,3.0,0.0,0.0,2.0,0.0,0.2,0.13,0.33,0.2,0.33,2017-2018
Aymeric Laporte,Defenders,23,9,9,806.0,9.0,0.0,0.0,0.0,0.0,0.0,0.0,1.0,0.0,0.0,0.0,0.0,0.0,0.0,2017-2018
Oleksandr Zinchenko,Defenders,20,8,6,532.0,5.9,0.0,0.0,0.0,0.0,0.0,0.0,1.0,0.0,0.0,0.0,0.0,0.0,0.0,2017-2018
Eliaquim Mangala,Defenders,26,9,4,488.0,5.4,0.0,0.0,0.0,0.0,0.0,0.0,0.0,0.0,0.0,0.0,0.0,0.0,0.0,2017-2018
Benjamin Mendy,"Defenders, Forwards",23,7,4,363.0,4.0,0.0,1.0,1.0,0.0,0.0,0.0,2.0,0.0,0.0,0.25,0.25,0.0,0.25,2017-2018
Claudio Bravo,Goalkeepers,34,3,2,226.0,2.5,0.0,0.0,0.0,0.0,0.0,0.0,0.0,0.0,0.0,0.0,0.0,0.0,0.0,2017-2018
Yaya Touré,Midfielders,34,10,1,236.0,2.6,0.0,2.0,2.0,0.0,0.0,0.0,1.0,0.0,0.0,0.76,0.76,0.0,0.76,2017-2018
Brahim Díaz,"Forwards, Defenders",17,5,0,55.0,0.6,0.0,0.0,0.0,0.0,0.0,0.0,0.0,0.0,0.0,0.0,0.0,0.0,0.0,2017-2018
Phil Foden,"Midfielders, Forwards",17,5,0,49.0,0.5,0.0,1.0,1.0,0.0,0.0,0.0,0.0,0.0,0.0,1.84,1.84,0.0,1.84,2017-2018
Lukas Nmecha,Forwards,18,2,0,16.0,0.2,0.0,0.0,0.0,0.0,0.0,0.0,0.0,0.0,0.0,0.0,0.0,0.0,0.0,2017-2018
Tosin Adarabioyo,Defenders,19,0,0,,,,,,,,,,,,,,,,2017-2018
Kevin De Bruyne,Midfielders,25,36,33,2877.0,32.0,6.0,17.0,23.0,6.0,0.0,1.0,4.0,0.0,0.19,0.53,0.72,0.19,0.72,2016-2017
David Silva,Midfielders,30,34,31,2759.0,30.7,4.0,7.0,11.0,4.0,0.0,0.0,6.0,0.0,0.13,0.23,0.36,0.13,0.36,2016-2017
Fernandinho,"Midfielders, Defenders",31,32,31,2756.0,30.6,2.0,1.0,3.0,2.0,0.0,0.0,4.0,2.0,0.07,0.03,0.1,0.07,0.1,2016-2017
Nicolás Otamendi,Defenders,28,30,29,2592.0,28.8,1.0,0.0,1.0,1.0,0.0,0.0,9.0,0.0,0.03,0.0,0.03,0.03,0.03,2016-2017
Raheem Sterling,"Midfielders, Forwards",21,33,29,2508.0,27.9,7.0,8.0,15.0,7.0,0.0,0.0,7.0,0.0,0.25,0.29,0.54,0.25,0.54,2016-2017
Aleksandar Kolarov,Defenders,30,29,27,2535.0,28.2,1.0,2.0,3.0,1.0,0.0,0.0,6.0,0.0,0.04,0.07,0.11,0.04,0.11,2016-2017
Sergio Agüero,Forwards,28,31,25,2403.0,26.7,20.0,4.0,24.0,16.0,4.0,5.0,4.0,1.0,0.75,0.15,0.9,0.6,0.75,2016-2017
Gaël Clichy,Defenders,31,25,24,2123.0,23.6,1.0,0.0,1.0,1.0,0.0,0.0,2.0,0.0,0.04,0.0,0.04,0.04,0.04,2016-2017
John Stones,Defenders,22,27,23,2014.0,22.4,0.0,0.0,0.0,0.0,0.0,0.0,1.0,0.0,0.0,0.0,0.0,0.0,0.0,2016-2017
Claudio Bravo,Goalkeepers,33,22,22,1968.0,21.9,0.0,0.0,0.0,0.0,0.0,0.0,0.0,0.0,0.0,0.0,0.0,0.0,0.0,2016-2017
Yaya Touré,Midfielders,33,25,22,1941.0,21.6,5.0,0.0,5.0,3.0,2.0,2.0,4.0,0.0,0.23,0.0,0.23,0.14,0.14,2016-2017
Leroy Sané,"Midfielders, Forwards",20,26,20,1781.0,19.8,5.0,2.0,7.0,5.0,0.0,0.0,4.0,0.0,0.25,0.1,0.35,0.25,0.35,2016-2017
Willy Caballero,Goalkeepers,34,17,16,1452.0,16.1,0.0,0.0,0.0,0.0,0.0,0.0,0.0,0.0,0.0,0.0,0.0,0.0,0.0,2016-2017
Bacary Sagna,Defenders,33,17,14,1346.0,15.0,0.0,1.0,1.0,0.0,0.0,0.0,2.0,0.0,0.0,0.07,0.07,0.0,0.07,2016-2017
Jesús Navas,"Midfielders, Defenders",30,24,12,1064.0,11.8,0.0,1.0,1.0,0.0,0.0,0.0,2.0,0.0,0.0,0.08,0.08,0.0,0.08,2016-2017
Pablo Zabaleta,"Defenders, Midfielders",31,19,11,1036.0,11.5,1.0,1.0,2.0,1.0,0.0,0.0,2.0,0.0,0.09,0.09,0.17,0.09,0.17,2016-2017
Vincent Kompany,Defenders,30,11,10,820.0,9.1,3.0,0.0,3.0,3.0,0.0,0.0,5.0,0.0,0.33,0.0,0.33,0.33,0.33,2016-2017
Nolito,"Midfielders, Forwards",29,19,9,778.0,8.6,4.0,2.0,6.0,4.0,0.0,0.0,3.0,1.0,0.46,0.23,0.69,0.46,0.69,2016-2017
İlkay Gündoğan,Midfielders,25,10,9,704.0,7.8,3.0,1.0,4.0,3.0,0.0,0.0,0.0,0.0,0.38,0.13,0.51,0.38,0.51,2016-2017
Gabriel Jesus,"Forwards, Midfielders",19,10,8,650.0,7.2,7.0,4.0,11.0,6.0,1.0,1.0,2.0,0.0,0.97,0.55,1.52,0.83,1.38,2016-2017
Fernando,"Midfielders, Defenders",29,15,5,568.0,6.3,0.0,0.0,0.0,0.0,0.0,0.0,3.0,0.0,0.0,0.0,0.0,0.0,0.0,2016-2017
Kelechi Iheanacho,Forwards,19,20,5,537.0,6.0,4.0,3.0,7.0,4.0,0.0,0.0,0.0,0.0,0.67,0.5,1.17,0.67,1.17,2016-2017
Fabian Delph,Midfielders,26,7,2,224.0,2.5,1.0,0.0,1.0,1.0,0.0,0.0,1.0,0.0,0.4,0.0,0.4,0.4,0.4,2016-2017
Aleix García,Midfielders,19,4,1,77.0,0.9,0.0,0.0,0.0,0.0,0.0,0.0,0.0,0.0,0.0,0.0,0.0,0.0,0.0,2016-2017
Samir Nasri,"Forwards, Midfielders",29,1,0,16.0,0.2,0.0,0.0,0.0,0.0,0.0,0.0,0.0,0.0,0.0,0.0,0.0,0.0,0.0,2016-2017
Tosin Adarabioyo,Defenders,18,0,0,,,,,,,,,,,,,,,,2016-2017
Angus Gunn,Goalkeepers,20,0,0,,,,,,,,,,,,,,,,2016-2017
Joe Hart,Goalkeepers,29,0,0,,,,,,,,,,,,,,,,2016-2017
Pablo Maffeo,"Defenders, Midfielders",19,0,0,,,,,,,,,,,,,,,,2016-2017
Joe Hart,Goalkeepers,28,35,35,3109.0,34.5,0.0,0.0,0.0,0.0,0.0,0.0,0.0,0.0,0.0,0.0,0.0,0.0,0.0,2015-2016
Fernandinho,Midfielders,30,33,31,2729.0,30.3,2.0,2.0,4.0,2.0,0.0,0.0,8.0,0.0,0.07,0.07,0.13,0.07,0.13,2015-2016
Nicolás Otamendi,Defenders,27,30,30,2671.0,29.7,1.0,0.0,1.0,1.0,0.0,0.0,9.0,0.0,0.03,0.0,0.03,0.03,0.03,2015-2016
Sergio Agüero,Forwards,27,30,29,2360.0,26.2,24.0,2.0,26.0,20.0,4.0,5.0,1.0,0.0,0.92,0.08,0.99,0.76,0.84,2015-2016
Yaya Touré,Midfielders,32,32,28,2325.0,25.8,6.0,5.0,11.0,5.0,1.0,1.0,3.0,0.0,0.23,0.19,0.43,0.19,0.39,2015-2016
Bacary Sagna,Defenders,32,28,27,2448.0,27.2,0.0,3.0,3.0,0.0,0.0,0.0,4.0,0.0,0.0,0.11,0.11,0.0,0.11,2015-2016
Aleksandar Kolarov,Defenders,29,29,25,2283.0,25.4,3.0,3.0,6.0,3.0,0.0,1.0,3.0,0.0,0.12,0.12,0.24,0.12,0.24,2015-2016
Jesús Navas,Midfielders,29,34,24,2282.0,25.4,0.0,7.0,7.0,0.0,0.0,0.0,1.0,0.0,0.0,0.28,0.28,0.0,0.28,2015-2016
Eliaquim Mangala,Defenders,24,23,23,2009.0,22.3,0.0,0.0,0.0,0.0,0.0,0.0,8.0,0.0,0.0,0.0,0.0,0.0,0.0,2015-2016
Raheem Sterling,Midfielders,20,31,23,1920.0,21.3,6.0,2.0,8.0,6.0,0.0,0.0,1.0,0.0,0.28,0.09,0.37,0.28,0.37,2015-2016
Kevin De Bruyne,Midfielders,24,25,22,2002.0,22.2,7.0,9.0,16.0,7.0,0.0,0.0,2.0,0.0,0.31,0.4,0.72,0.31,0.72,2015-2016
David Silva,Midfielders,29,24,22,1791.0,19.9,2.0,11.0,13.0,2.0,0.0,0.0,1.0,0.0,0.1,0.55,0.65,0.1,0.65,2015-2016
Fernando,Midfielders,28,24,17,1715.0,19.1,2.0,0.0,2.0,2.0,0.0,0.0,4.0,0.0,0.1,0.0,0.1,0.1,0.1,2015-2016
Wilfried Bony,Forwards,26,26,13,1226.0,13.6,4.0,3.0,7.0,4.0,0.0,1.0,1.0,0.0,0.29,0.22,0.51,0.29,0.51,2015-2016
Vincent Kompany,Defenders,29,14,13,1179.0,13.1,2.0,0.0,2.0,2.0,0.0,0.0,5.0,0.0,0.15,0.0,0.15,0.15,0.15,2015-2016
Gaël Clichy,Defenders,30,14,12,1087.0,12.1,0.0,1.0,1.0,0.0,0.0,0.0,0.0,0.0,0.0,0.08,0.08,0.0,0.08,2015-2016
Pablo Zabaleta,Defenders,30,13,12,1062.0,11.8,0.0,1.0,1.0,0.0,0.0,0.0,3.0,0.0,0.0,0.08,0.08,0.0,0.08,2015-2016
Martín Demichelis,Defenders,34,20,10,1021.0,11.3,0.0,0.0,0.0,0.0,0.0,0.0,3.0,0.0,0.0,0.0,0.0,0.0,0.0,2015-2016
Fabian Delph,Midfielders,25,17,8,753.0,8.4,2.0,0.0,2.0,2.0,0.0,0.0,0.0,0.0,0.24,0.0,0.24,0.24,0.24,2015-2016
Kelechi Iheanacho,"Forwards, Midfielders",18,26,7,766.0,8.5,8.0,1.0,9.0,8.0,0.0,0.0,1.0,0.0,0.94,0.12,1.06,0.94,1.06,2015-2016
Samir Nasri,"Midfielders, Forwards",28,12,4,541.0,6.0,2.0,2.0,4.0,2.0,0.0,0.0,3.0,0.0,0.33,0.33,0.67,0.33,0.67,2015-2016
Willy Caballero,Goalkeepers,33,4,3,311.0,3.5,0.0,0.0,0.0,0.0,0.0,0.0,0.0,0.0,0.0,0.0,0.0,0.0,0.0,2015-2016
Bersant Celina,"Forwards, Midfielders",18,1,0,14.0,0.2,0.0,1.0,1.0,0.0,0.0,0.0,0.0,0.0,0.0,6.43,6.43,0.0,6.43,2015-2016
Manu García,"Forwards, Midfielders",17,1,0,11.0,0.1,0.0,0.0,0.0,0.0,0.0,0.0,0.0,0.0,0.0,0.0,0.0,0.0,0.0,2015-2016
Patrick Roberts,"Forwards, Midfielders",18,1,0,5.0,0.1,0.0,0.0,0.0,0.0,0.0,0.0,0.0,0.0,0.0,0.0,0.0,0.0,0.0,2015-2016
Angeliño,"Defenders, Midfielders",18,0,0,,,,,,,,,,,,,,,,2015-2016
Brandon Barker,"Forwards, Midfielders",18,0,0,,,,,,,,,,,,,,,,2015-2016
Jason Denayer,Defenders,20,0,0,,,,,,,,,,,,,,,,2015-2016
George Evans,"Defenders, Midfielders",20,0,0,,,,,,,,,,,,,,,,2015-2016
Aleix García,Midfielders,18,0,0,,,,,,,,,,,,,,,,2015-2016
James Horsfield,"Defenders, Midfielders",19,0,0,,,,,,,,,,,,,,,,2015-2016
Cameron Humphreys,Defenders,16,0,0,,,,,,,,,,,,,,,,2015-2016
Pablo Maffeo,"Defenders, Midfielders",18,0,0,,,,,,,,,,,,,,,,2015-2016
Richard Wright,Goalkeepers,37,0,0,,,,,,,,,,,,,,,,2015-2016
Joe Hart,Goalkeepers,27,36,36,3240.0,36.0,0.0,0.0,0.0,0.0,0.0,0.0,1.0,0.0,0.0,0.0,0.0,0.0,0.0,2014-2015
David Silva,"Forwards, Midfielders",28,32,32,2646.0,29.4,12.0,7.0,19.0,12.0,0.0,0.0,8.0,0.0,0.41,0.24,0.65,0.41,0.65,2014-2015
Sergio Agüero,Forwards,26,33,30,2531.0,28.1,26.0,8.0,34.0,21.0,5.0,6.0,4.0,0.0,0.92,0.28,1.21,0.75,1.03,2014-2015
Pablo Zabaleta,"Defenders, Midfielders",29,29,29,2586.0,28.7,1.0,4.0,5.0,1.0,0.0,0.0,7.0,1.0,0.03,0.14,0.17,0.03,0.17,2014-2015
Martín Demichelis,"Defenders, Midfielders",33,31,28,2562.0,28.5,1.0,0.0,1.0,1.0,0.0,0.0,6.0,0.0,0.04,0.0,0.04,0.04,0.04,2014-2015
Yaya Touré,Midfielders,31,29,27,2353.0,26.1,10.0,2.0,12.0,8.0,2.0,2.0,5.0,0.0,0.38,0.08,0.46,0.31,0.38,2014-2015
Fernandinho,"Defenders, Midfielders",29,33,25,2267.0,25.2,3.0,3.0,6.0,3.0,0.0,0.0,7.0,0.0,0.12,0.12,0.24,0.12,0.24,2014-2015
Eliaquim Mangala,Defenders,23,25,24,2189.0,24.3,0.0,2.0,2.0,0.0,0.0,0.0,4.0,1.0,0.0,0.08,0.08,0.0,0.08,2014-2015
Jesús Navas,"Defenders, Forwards",28,35,23,2254.0,25.0,0.0,8.0,8.0,0.0,0.0,0.0,3.0,0.0,0.0,0.32,0.32,0.0,0.32,2014-2015
Gaël Clichy,Defenders,29,23,23,2057.0,22.9,1.0,3.0,4.0,1.0,0.0,0.0,1.0,0.0,0.04,0.13,0.18,0.04,0.18,2014-2015
Vincent Kompany,Defenders,28,25,23,2034.0,22.6,0.0,0.0,0.0,0.0,0.0,0.0,7.0,0.0,0.0,0.0,0.0,0.0,0.0,2014-2015
Fernando,"Defenders, Midfielders",27,25,22,1879.0,20.9,2.0,2.0,4.0,2.0,0.0,0.0,6.0,0.0,0.1,0.1,0.19,0.1,0.19,2014-2015
James Milner,"Defenders, Midfielders",28,32,18,1749.0,19.4,5.0,7.0,12.0,5.0,0.0,0.0,6.0,0.0,0.26,0.36,0.62,0.26,0.62,2014-2015
Samir Nasri,"Forwards, Midfielders",27,24,18,1569.0,17.4,2.0,5.0,7.0,2.0,0.0,0.0,5.0,0.0,0.11,0.29,0.4,0.11,0.4,2014-2015
Aleksandar Kolarov,Defenders,28,21,16,1489.0,16.5,2.0,3.0,5.0,2.0,0.0,0.0,4.0,0.0,0.12,0.18,0.3,0.12,0.3,2014-2015
Edin Džeko,Forwards,28,22,11,932.0,10.4,4.0,2.0,6.0,4.0,0.0,0.0,1.0,0.0,0.39,0.19,0.58,0.39,0.58,2014-2015
Frank Lampard,Midfielders,36,32,10,1002.0,11.1,6.0,1.0,7.0,6.0,0.0,0.0,1.0,0.0,0.54,0.09,0.63,0.54,0.63,2014-2015
Stevan Jovetić,"Forwards, Midfielders",24,17,9,784.0,8.7,5.0,3.0,8.0,5.0,0.0,0.0,0.0,0.0,0.57,0.34,0.92,0.57,0.92,2014-2015
Bacary Sagna,Defenders,31,9,8,741.0,8.2,0.0,0.0,0.0,0.0,0.0,0.0,1.0,0.0,0.0,0.0,0.0,0.0,0.0,2014-2015
Wilfried Bony,Forwards,25,10,2,302.0,3.4,2.0,1.0,3.0,2.0,0.0,0.0,1.0,0.0,0.6,0.3,0.89,0.6,0.89,2014-2015
Willy Caballero,Goalkeepers,32,2,2,180.0,2.0,0.0,0.0,0.0,0.0,0.0,0.0,0.0,0.0,0.0,0.0,0.0,0.0,0.0,2014-2015
José Pozo,"Forwards, Midfielders",18,3,1,137.0,1.5,0.0,0.0,0.0,0.0,0.0,0.0,0.0,0.0,0.0,0.0,0.0,0.0,0.0,2014-2015
Dedryck Boyata,Defenders,23,2,1,92.0,1.0,0.0,0.0,0.0,0.0,0.0,0.0,1.0,0.0,0.0,0.0,0.0,0.0,0.0,2014-2015
Scott Sinclair,"Forwards, Midfielders",25,2,0,5.0,0.1,0.0,0.0,0.0,0.0,0.0,0.0,0.0,0.0,0.0,0.0,0.0,0.0,0.0,2014-2015
Thierry Ambrose,"Forwards, Midfielders",17,0,0,,,,,,,,,,,,,,,,2014-2015
Angeliño,"Defenders, Midfielders",17,0,0,,,,,,,,,,,,,,,,2014-2015
Yaya Touré,Midfielders,30,35,35,2917.0,32.4,20.0,9.0,29.0,14.0,6.0,6.0,4.0,0.0,0.62,0.28,0.89,0.43,0.71,2013-2014
Pablo Zabaleta,"Defenders, Midfielders",28,35,34,3080.0,34.2,1.0,6.0,7.0,1.0,0.0,0.0,11.0,0.0,0.03,0.18,0.2,0.03,0.2,2013-2014
Joe Hart,Goalkeepers,26,31,31,2790.0,31.0,0.0,0.0,0.0,0.0,0.0,0.0,1.0,0.0,0.0,0.0,0.0,0.0,0.0,2013-2014
Fernandinho,"Defenders, Midfielders",28,33,29,2608.0,29.0,5.0,3.0,8.0,5.0,0.0,0.0,8.0,0.0,0.17,0.1,0.28,0.17,0.28,2013-2014
Samir Nasri,"Forwards, Midfielders",26,34,29,2483.0,27.6,7.0,7.0,14.0,7.0,0.0,0.0,3.0,0.0,0.25,0.25,0.51,0.25,0.51,2013-2014
Vincent Kompany,Defenders,27,28,28,2362.0,26.2,4.0,1.0,5.0,4.0,0.0,0.0,6.0,1.0,0.15,0.04,0.19,0.15,0.19,2013-2014
Martín Demichelis,"Defenders, Midfielders",32,27,27,2430.0,27.0,2.0,1.0,3.0,2.0,0.0,0.0,6.0,0.0,0.07,0.04,0.11,0.07,0.11,2013-2014
David Silva,"Forwards, Midfielders",27,27,26,2161.0,24.0,7.0,9.0,16.0,7.0,0.0,0.0,5.0,0.0,0.29,0.37,0.67,0.29,0.67,2013-2014
Edin Džeko,Forwards,27,31,23,1986.0,22.1,16.0,1.0,17.0,16.0,0.0,0.0,4.0,0.0,0.73,0.05,0.77,0.73,0.77,2013-2014
Aleksandar Kolarov,Defenders,27,30,21,1977.0,22.0,1.0,7.0,8.0,1.0,0.0,0.0,2.0,0.0,0.05,0.32,0.36,0.05,0.36,2013-2014
Álvaro Negredo,Forwards,27,32,21,1723.0,19.1,9.0,3.0,12.0,9.0,0.0,0.0,1.0,0.0,0.47,0.16,0.63,0.47,0.63,2013-2014
Sergio Agüero,Forwards,25,23,20,1528.0,17.0,17.0,6.0,23.0,17.0,0.0,1.0,4.0,0.0,1.0,0.35,1.35,1.0,1.35,2013-2014
Jesús Navas,"Defenders, Forwards",27,29,18,1750.0,19.4,4.0,7.0,11.0,4.0,0.0,0.0,0.0,0.0,0.21,0.36,0.57,0.21,0.57,2013-2014
Gaël Clichy,Defenders,28,20,18,1662.0,18.5,0.0,0.0,0.0,0.0,0.0,0.0,1.0,0.0,0.0,0.0,0.0,0.0,0.0,2013-2014
Javi García,"Defenders, Midfielders",26,29,14,1545.0,17.2,0.0,0.0,0.0,0.0,0.0,0.0,7.0,0.0,0.0,0.0,0.0,0.0,0.0,2013-2014
James Milner,"Defenders, Midfielders",27,31,12,1374.0,15.3,1.0,4.0,5.0,1.0,0.0,0.0,3.0,0.0,0.07,0.26,0.33,0.07,0.33,2013-2014
Matija Nastasić,Defenders,20,13,11,1029.0,11.4,0.0,0.0,0.0,0.0,0.0,0.0,4.0,0.0,0.0,0.0,0.0,0.0,0.0,2013-2014
Joleon Lescott,Defenders,30,10,8,785.0,8.7,0.0,0.0,0.0,0.0,0.0,0.0,0.0,0.0,0.0,0.0,0.0,0.0,0.0,2013-2014
Costel Pantilimon,Goalkeepers,26,7,7,630.0,7.0,0.0,0.0,0.0,0.0,0.0,0.0,1.0,0.0,0.0,0.0,0.0,0.0,0.0,2013-2014
Stevan Jovetić,"Forwards, Midfielders",23,13,2,389.0,4.3,3.0,1.0,4.0,3.0,0.0,0.0,1.0,0.0,0.69,0.23,0.93,0.69,0.93,2013-2014
Micah Richards,Defenders,25,2,2,160.0,1.8,0.0,0.0,0.0,0.0,0.0,0.0,0.0,0.0,0.0,0.0,0.0,0.0,0.0,2013-2014
Jack Rodwell,"Defenders, Midfielders",22,5,1,112.0,1.2,0.0,0.0,0.0,0.0,0.0,0.0,0.0,0.0,0.0,0.0,0.0,0.0,0.0,2013-2014
Dedryck Boyata,Defenders,22,1,1,54.0,0.6,0.0,0.0,0.0,0.0,0.0,0.0,0.0,0.0,0.0,0.0,0.0,0.0,0.0,2013-2014
Joe Hart,Goalkeepers,25,38,38,3420.0,38.0,0.0,0.0,0.0,0.0,0.0,0.0,1.0,0.0,0.0,0.0,0.0,0.0,0.0,2012-2013
Yaya Touré,Midfielders,29,32,32,2828.0,31.4,6.0,5.0,11.0,6.0,0.0,0.0,6.0,0.0,0.19,0.16,0.35,0.19,0.35,2012-2013
Pablo Zabaleta,"Defenders, Midfielders",27,30,29,2649.0,29.4,2.0,2.0,4.0,2.0,0.0,0.0,7.0,0.0,0.07,0.07,0.14,0.07,0.14,2012-2013
David Silva,"Forwards, Midfielders",26,32,29,2508.0,27.9,4.0,8.0,12.0,4.0,0.0,1.0,2.0,0.0,0.14,0.29,0.43,0.14,0.43,2012-2013
Carlos Tevez,"Forwards, Midfielders",28,34,28,2393.0,26.6,11.0,8.0,19.0,9.0,2.0,2.0,3.0,0.0,0.41,0.3,0.71,0.34,0.64,2012-2013
Gareth Barry,Midfielders,31,31,27,2398.0,26.6,1.0,2.0,3.0,1.0,0.0,0.0,6.0,0.0,0.04,0.08,0.11,0.04,0.11,2012-2013
Gaël Clichy,Defenders,27,28,26,2334.0,25.9,0.0,2.0,2.0,0.0,0.0,0.0,3.0,0.0,0.0,0.08,0.08,0.0,0.08,2012-2013
Vincent Kompany,Defenders,26,26,26,2237.0,24.9,1.0,0.0,1.0,1.0,0.0,0.0,3.0,1.0,0.04,0.0,0.04,0.04,0.04,2012-2013
Sergio Agüero,Forwards,24,30,22,1941.0,21.6,12.0,2.0,14.0,10.0,2.0,2.0,2.0,0.0,0.56,0.09,0.65,0.46,0.56,2012-2013
Samir Nasri,"Forwards, Midfielders",25,28,22,1798.0,20.0,2.0,7.0,9.0,2.0,0.0,0.0,3.0,1.0,0.1,0.35,0.45,0.1,0.45,2012-2013
Matija Nastasić,Defenders,19,21,21,1820.0,20.2,0.0,0.0,0.0,0.0,0.0,0.0,1.0,0.0,0.0,0.0,0.0,0.0,0.0,2012-2013
James Milner,"Defenders, Midfielders",26,26,19,1725.0,19.2,4.0,3.0,7.0,4.0,0.0,0.0,1.0,1.0,0.21,0.16,0.37,0.21,0.37,2012-2013
Joleon Lescott,Defenders,29,26,17,1551.0,17.2,1.0,0.0,1.0,1.0,0.0,0.0,3.0,0.0,0.06,0.0,0.06,0.06,0.06,2012-2013
Javi García,"Defenders, Midfielders",25,24,17,1494.0,16.6,2.0,0.0,2.0,2.0,0.0,0.0,5.0,0.0,0.12,0.0,0.12,0.12,0.12,2012-2013
Edin Džeko,Forwards,26,32,16,1822.0,20.2,14.0,3.0,17.0,14.0,0.0,1.0,4.0,0.0,0.69,0.15,0.84,0.69,0.84,2012-2013
Aleksandar Kolarov,Defenders,26,20,11,1056.0,11.7,1.0,2.0,3.0,1.0,0.0,0.0,5.0,0.0,0.09,0.17,0.26,0.09,0.26,2012-2013
Kolo Touré,Defenders,31,15,10,922.0,10.2,0.0,0.0,0.0,0.0,0.0,0.0,2.0,0.0,0.0,0.0,0.0,0.0,0.0,2012-2013
Micah Richards,Defenders,24,7,7,612.0,6.8,0.0,0.0,0.0,0.0,0.0,0.0,2.0,0.0,0.0,0.0,0.0,0.0,0.0,2012-2013
Mario Balotelli,Forwards,21,14,7,590.0,6.6,1.0,0.0,1.0,1.0,0.0,0.0,2.0,0.0,0.15,0.0,0.15,0.15,0.15,2012-2013
Jack Rodwell,"Defenders, Midfielders",21,11,6,498.0,5.5,2.0,0.0,2.0,2.0,0.0,0.0,2.0,0.0,0.36,0.0,0.36,0.36,0.36,2012-2013
Maicon Sisenando,Defenders,31,9,4,521.0,5.8,0.0,0.0,0.0,0.0,0.0,0.0,0.0,0.0,0.0,0.0,0.0,0.0,0.0,2012-2013
Scott Sinclair,"Forwards, Midfielders",23,11,2,198.0,2.2,0.0,0.0,0.0,0.0,0.0,0.0,0.0,0.0,0.0,0.0,0.0,0.0,0.0,2012-2013
Nigel de Jong,Midfielders,27,1,1,90.0,1.0,0.0,0.0,0.0,0.0,0.0,0.0,0.0,0.0,0.0,0.0,0.0,0.0,0.0,2012-2013
Karim Rekik,Defenders,17,1,1,83.0,0.9,0.0,0.0,0.0,0.0,0.0,0.0,0.0,0.0,0.0,0.0,0.0,0.0,0.0,2012-2013
Abdul Razak,Midfielders,19,3,0,4.0,0.0,0.0,0.0,0.0,0.0,0.0,0.0,0.0,0.0,0.0,0.0,0.0,0.0,0.0,2012-2013
Joe Hart,Goalkeepers,24,38,38,3420.0,38.0,0.0,0.0,0.0,0.0,0.0,0.0,0.0,0.0,0.0,0.0,0.0,0.0,0.0,2011-2012
David Silva,"Forwards, Midfielders",25,36,33,2800.0,31.1,6.0,15.0,21.0,6.0,0.0,0.0,0.0,0.0,0.19,0.48,0.68,0.19,0.68,2011-2012
Vincent Kompany,Defenders,25,31,31,2774.0,30.8,3.0,1.0,4.0,3.0,0.0,0.0,5.0,1.0,0.1,0.03,0.13,0.1,0.13,2011-2012
Gareth Barry,Midfielders,30,34,31,2734.0,30.4,1.0,3.0,4.0,1.0,0.0,0.0,10.0,1.0,0.03,0.1,0.13,0.03,0.13,2011-2012
Yaya Touré,Midfielders,28,32,31,2643.0,29.4,6.0,6.0,12.0,6.0,0.0,0.0,8.0,0.0,0.2,0.2,0.41,0.2,0.41,2011-2012
Sergio Agüero,Forwards,23,34,31,2575.0,28.6,23.0,8.0,31.0,20.0,3.0,3.0,2.0,0.0,0.8,0.28,1.08,0.7,0.98,2011-2012
Joleon Lescott,Defenders,28,31,30,2686.0,29.8,2.0,1.0,3.0,2.0,0.0,0.0,1.0,0.0,0.07,0.03,0.1,0.07,0.1,2011-2012
Gaël Clichy,Defenders,26,28,28,2487.0,27.6,0.0,4.0,4.0,0.0,0.0,0.0,3.0,1.0,0.0,0.14,0.14,0.0,0.14,2011-2012
Samir Nasri,"Forwards, Midfielders",24,30,26,2159.0,24.0,5.0,9.0,14.0,5.0,0.0,0.0,2.0,0.0,0.21,0.38,0.58,0.21,0.58,2011-2012
Micah Richards,Defenders,23,29,23,2044.0,22.7,1.0,5.0,6.0,1.0,0.0,0.0,2.0,0.0,0.04,0.22,0.26,0.04,0.26,2011-2012
Pablo Zabaleta,"Defenders, Midfielders",26,21,18,1549.0,17.2,1.0,0.0,1.0,1.0,0.0,0.0,5.0,0.0,0.06,0.0,0.06,0.06,0.06,2011-2012
James Milner,"Defenders, Midfielders",25,26,17,1586.0,17.6,3.0,5.0,8.0,2.0,1.0,1.0,3.0,0.0,0.17,0.28,0.45,0.11,0.4,2011-2012
Edin Džeko,Forwards,25,30,16,1509.0,16.8,14.0,3.0,17.0,14.0,0.0,0.0,1.0,0.0,0.83,0.18,1.01,0.83,1.01,2011-2012
Mario Balotelli,Forwards,20,23,14,1328.0,14.8,13.0,1.0,14.0,10.0,3.0,3.0,6.0,2.0,0.88,0.07,0.95,0.68,0.75,2011-2012
Nigel de Jong,Midfielders,26,21,11,1077.0,12.0,0.0,0.0,0.0,0.0,0.0,0.0,5.0,0.0,0.0,0.0,0.0,0.0,0.0,2011-2012
Adam Johnson,Midfielders,24,26,10,1147.0,12.7,6.0,2.0,8.0,6.0,0.0,0.0,1.0,0.0,0.47,0.16,0.63,0.47,0.63,2011-2012
Aleksandar Kolarov,Defenders,25,12,9,823.0,9.1,2.0,4.0,6.0,2.0,0.0,0.0,1.0,0.0,0.22,0.44,0.66,0.22,0.66,2011-2012
Kolo Touré,Defenders,30,14,8,853.0,9.5,0.0,0.0,0.0,0.0,0.0,0.0,0.0,0.0,0.0,0.0,0.0,0.0,0.0,2011-2012
Carlos Tevez,"Forwards, Midfielders",27,13,7,601.0,6.7,4.0,3.0,7.0,4.0,0.0,1.0,1.0,0.0,0.6,0.45,1.05,0.6,1.05,2011-2012
Stefan Savić,"Defenders, Midfielders",20,11,5,550.0,6.1,1.0,0.0,1.0,1.0,0.0,0.0,1.0,0.0,0.16,0.0,0.16,0.16,0.16,2011-2012
David Pizarro,Midfielders,31,5,1,165.0,1.8,0.0,1.0,1.0,0.0,0.0,0.0,0.0,0.0,0.0,0.55,0.55,0.0,0.55,2011-2012
Owen Hargreaves,Midfielders,30,1,0,14.0,0.2,0.0,0.0,0.0,0.0,0.0,0.0,0.0,0.0,0.0,0.0,0.0,0.0,0.0,2011-2012
Abdul Razak,Midfielders,18,1,0,11.0,0.1,0.0,0.0,0.0,0.0,0.0,0.0,0.0,0.0,0.0,0.0,0.0,0.0,0.0,2011-2012
Nedum Onuoha,Defenders,24,1,0,10.0,0.1,0.0,0.0,0.0,0.0,0.0,0.0,0.0,0.0,0.0,0.0,0.0,0.0,0.0,2011-2012
Joe Hart,Goalkeepers,23,38,38,3420.0,38.0,0.0,0.0,0.0,0.0,0.0,0.0,1.0,0.0,0.0,0.0,0.0,0.0,0.0,2010-2011
Vincent Kompany,Defenders,24,37,37,3330.0,37.0,0.0,1.0,1.0,0.0,0.0,0.0,6.0,0.0,0.0,0.03,0.03,0.0,0.03,2010-2011
Yaya Touré,Midfielders,27,35,35,2965.0,32.9,6.0,4.0,10.0,6.0,0.0,0.0,3.0,0.0,0.18,0.12,0.3,0.18,0.3,2010-2011
Gareth Barry,Midfielders,29,33,31,2702.0,30.0,2.0,2.0,4.0,2.0,0.0,0.0,8.0,0.0,0.07,0.07,0.13,0.07,0.13,2010-2011
Nigel de Jong,Midfielders,25,32,30,2610.0,29.0,1.0,1.0,2.0,1.0,0.0,0.0,9.0,0.0,0.03,0.03,0.07,0.03,0.07,2010-2011
David Silva,"Forwards, Midfielders",24,35,30,2550.0,28.3,4.0,7.0,11.0,4.0,0.0,0.0,2.0,0.0,0.14,0.25,0.39,0.14,0.39,2010-2011
Carlos Tevez,"Forwards, Midfielders",26,31,30,2511.0,27.9,20.0,6.0,26.0,15.0,5.0,6.0,6.0,0.0,0.72,0.22,0.93,0.54,0.75,2010-2011
James Milner,"Defenders, Midfielders",24,32,23,2050.0,22.8,0.0,6.0,6.0,0.0,0.0,0.0,4.0,0.0,0.0,0.26,0.26,0.0,0.26,2010-2011
Pablo Zabaleta,"Defenders, Midfielders",25,26,21,1948.0,21.6,2.0,2.0,4.0,2.0,0.0,0.0,8.0,1.0,0.09,0.09,0.18,0.09,0.18,2010-2011
Kolo Touré,Defenders,29,22,21,1845.0,20.5,1.0,0.0,1.0,1.0,0.0,0.0,4.0,1.0,0.05,0.0,0.05,0.05,0.05,2010-2011
Joleon Lescott,Defenders,27,22,20,1884.0,20.9,3.0,1.0,4.0,3.0,0.0,0.0,1.0,0.0,0.14,0.05,0.19,0.14,0.19,2010-2011
Aleksandar Kolarov,Defenders,24,24,20,1719.0,19.1,1.0,0.0,1.0,1.0,0.0,0.0,7.0,1.0,0.05,0.0,0.05,0.05,0.05,2010-2011
Micah Richards,Defenders,22,18,16,1399.0,15.5,1.0,1.0,2.0,1.0,0.0,0.0,4.0,0.0,0.06,0.06,0.13,0.06,0.13,2010-2011
Adam Johnson,Midfielders,23,31,15,1542.0,17.1,4.0,5.0,9.0,4.0,0.0,0.0,2.0,0.0,0.23,0.29,0.53,0.23,0.53,2010-2011
Jérôme Boateng,Defenders,21,16,14,1238.0,13.8,0.0,0.0,0.0,0.0,0.0,0.0,1.0,0.0,0.0,0.0,0.0,0.0,0.0,2010-2011
Mario Balotelli,Forwards,19,17,12,1091.0,12.1,6.0,0.0,6.0,4.0,2.0,2.0,6.0,1.0,0.49,0.0,0.49,0.33,0.33,2010-2011
Edin Džeko,Forwards,24,15,8,854.0,9.5,2.0,2.0,4.0,2.0,0.0,0.0,0.0,0.0,0.21,0.21,0.42,0.21,0.42,2010-2011
Dedryck Boyata,Defenders,19,7,5,345.0,3.8,0.0,0.0,0.0,0.0,0.0,0.0,1.0,1.0,0.0,0.0,0.0,0.0,0.0,2010-2011
Patrick Vieira,Midfielders,34,15,4,495.0,5.5,2.0,0.0,2.0,2.0,0.0,0.0,2.0,0.0,0.36,0.0,0.36,0.36,0.36,2010-2011
Jô,Forwards,23,12,3,348.0,3.9,0.0,0.0,0.0,0.0,0.0,0.0,0.0,0.0,0.0,0.0,0.0,0.0,0.0,2010-2011
Emmanuel Adebayor,Forwards,26,8,2,244.0,2.7,1.0,0.0,1.0,0.0,1.0,1.0,0.0,0.0,0.37,0.0,0.37,0.0,0.0,2010-2011
Shaun Wright-Phillips,"Forwards, Midfielders",28,7,2,205.0,2.3,0.0,0.0,0.0,0.0,0.0,0.0,0.0,0.0,0.0,0.0,0.0,0.0,0.0,2010-2011
Wayne Bridge,Defenders,29,3,1,149.0,1.7,0.0,0.0,0.0,0.0,0.0,0.0,0.0,0.0,0.0,0.0,0.0,0.0,0.0,2010-2011
Roque Santa Cruz,Forwards,28,1,0,25.0,0.3,0.0,0.0,0.0,0.0,0.0,0.0,0.0,0.0,0.0,0.0,0.0,0.0,0.0,2010-2011
Ryan McGivern,Defenders,20,1,0,21.0,0.2,0.0,0.0,0.0,0.0,0.0,0.0,0.0,0.0,0.0,0.0,0.0,0.0,0.0,2010-2011
Reece Wabara,Defenders,18,1,0,4.0,0.0,0.0,0.0,0.0,0.0,0.0,0.0,0.0,0.0,0.0,0.0,0.0,0.0,0.0,2010-2011
Abdul Razak,Midfielders,17,1,0,1.0,0.0,0.0,0.0,0.0,0.0,0.0,0.0,0.0,0.0,0.0,0.0,0.0,0.0,0.0,2010-2011
Shay Given,Goalkeepers,33,35,35,3132.0,34.8,0.0,0.0,0.0,0.0,0.0,0.0,2.0,0.0,0.0,0.0,0.0,0.0,0.0,2009-2010
Gareth Barry,Midfielders,28,34,34,2994.0,33.3,2.0,7.0,9.0,2.0,0.0,0.0,4.0,0.0,0.06,0.21,0.27,0.06,0.27,2009-2010
Carlos Tevez,"Forwards, Midfielders",25,35,32,2861.0,31.8,23.0,7.0,30.0,18.0,5.0,5.0,6.0,0.0,0.72,0.22,0.94,0.57,0.79,2009-2010
Kolo Touré,Defenders,28,31,31,2708.0,30.1,1.0,0.0,1.0,1.0,0.0,0.0,1.0,0.0,0.03,0.0,0.03,0.03,0.03,2009-2010
Nigel de Jong,Midfielders,24,34,30,2627.0,29.2,0.0,0.0,0.0,0.0,0.0,0.0,7.0,0.0,0.0,0.0,0.0,0.0,0.0,2009-2010
Craig Bellamy,Forwards,30,32,26,2379.0,26.4,10.0,8.0,18.0,10.0,0.0,0.0,5.0,1.0,0.38,0.3,0.68,0.38,0.68,2009-2010
Emmanuel Adebayor,Forwards,25,26,25,2207.0,24.5,14.0,3.0,17.0,14.0,0.0,0.0,1.0,0.0,0.57,0.12,0.69,0.57,0.69,2009-2010
Pablo Zabaleta,"Defenders, Midfielders",24,27,23,2102.0,23.4,0.0,1.0,1.0,0.0,0.0,0.0,9.0,1.0,0.0,0.04,0.04,0.0,0.04,2009-2010
Wayne Bridge,Defenders,28,23,23,1890.0,21.0,0.0,0.0,0.0,0.0,0.0,0.0,2.0,0.0,0.0,0.0,0.0,0.0,0.0,2009-2010
Vincent Kompany,Defenders,23,25,21,1915.0,21.3,2.0,1.0,3.0,2.0,0.0,0.0,2.0,0.0,0.09,0.05,0.14,0.09,0.14,2009-2010
Shaun Wright-Phillips,"Forwards, Midfielders",27,30,19,1752.0,19.5,4.0,7.0,11.0,4.0,0.0,0.0,2.0,0.0,0.21,0.36,0.57,0.21,0.57,2009-2010
Micah Richards,Defenders,21,23,19,1645.0,18.3,3.0,1.0,4.0,3.0,0.0,0.0,2.0,0.0,0.16,0.05,0.22,0.16,0.22,2009-2010
Joleon Lescott,Defenders,26,18,17,1566.0,17.4,1.0,1.0,2.0,1.0,0.0,0.0,1.0,0.0,0.06,0.06,0.11,0.06,0.11,2009-2010
Stephen Ireland,Midfielders,22,22,16,1453.0,16.1,2.0,2.0,4.0,2.0,0.0,0.0,0.0,0.0,0.12,0.12,0.25,0.12,0.25,2009-2010
Adam Johnson,Midfielders,22,16,14,1168.0,13.0,1.0,5.0,6.0,1.0,0.0,0.0,1.0,0.0,0.08,0.39,0.46,0.08,0.46,2009-2010
Patrick Vieira,Midfielders,33,13,8,815.0,9.1,1.0,1.0,2.0,1.0,0.0,0.0,2.0,0.0,0.11,0.11,0.22,0.11,0.22,2009-2010
Martin Petrov,"Forwards, Midfielders",30,16,8,727.0,8.1,4.0,3.0,7.0,4.0,0.0,0.0,0.0,0.0,0.5,0.37,0.87,0.5,0.87,2009-2010
Javier Garrido,Defenders,24,9,7,633.0,7.0,1.0,0.0,1.0,1.0,0.0,0.0,1.0,0.0,0.14,0.0,0.14,0.14,0.14,2009-2010
Roque Santa Cruz,Forwards,27,19,6,649.0,7.2,3.0,0.0,3.0,3.0,0.0,0.0,1.0,0.0,0.42,0.0,0.42,0.42,0.42,2009-2010
Robinho,"Forwards, Midfielders",25,10,6,538.0,6.0,0.0,3.0,3.0,0.0,0.0,0.0,0.0,0.0,0.0,0.5,0.5,0.0,0.5,2009-2010
Sylvinho,Defenders,35,10,6,485.0,5.4,0.0,0.0,0.0,0.0,0.0,0.0,2.0,0.0,0.0,0.0,0.0,0.0,0.0,2009-2010
Nedum Onuoha,Defenders,22,10,5,575.0,6.4,1.0,1.0,2.0,1.0,0.0,0.0,0.0,0.0,0.16,0.16,0.31,0.16,0.31,2009-2010
Márton Fülöp,Goalkeepers,26,3,3,270.0,3.0,0.0,0.0,0.0,0.0,0.0,0.0,0.0,0.0,0.0,0.0,0.0,0.0,0.0,2009-2010
Richard Dunne,Defenders,29,2,2,180.0,2.0,0.0,0.0,0.0,0.0,0.0,0.0,0.0,0.0,0.0,0.0,0.0,0.0,0.0,2009-2010
Dedryck Boyata,Defenders,18,3,1,126.0,1.4,0.0,0.0,0.0,0.0,0.0,0.0,1.0,0.0,0.0,0.0,0.0,0.0,0.0,2009-2010
Benjani,Forwards,30,2,1,125.0,1.4,0.0,1.0,1.0,0.0,0.0,0.0,0.0,0.0,0.0,0.72,0.72,0.0,0.72,2009-2010
Gunnar Nielsen,Goalkeepers,22,1,0,18.0,0.2,0.0,0.0,0.0,0.0,0.0,0.0,0.0,0.0,0.0,0.0,0.0,0.0,0.0,2009-2010
Abdisalam Ibrahim,"Defenders, Midfielders",18,1,0,16.0,0.2,0.0,0.0,0.0,0.0,0.0,0.0,0.0,0.0,0.0,0.0,0.0,0.0,0.0,2009-2010
Alex Nimely,Forwards,18,1,0,8.0,0.1,0.0,0.0,0.0,0.0,0.0,0.0,0.0,0.0,0.0,0.0,0.0,0.0,0.0,2009-2010
Greg Cunningham,"Defenders, Midfielders",18,2,0,3.0,0.0,0.0,0.0,0.0,0.0,0.0,0.0,0.0,0.0,0.0,0.0,0.0,0.0,0.0,2009-2010
Michael Johnson,Midfielders,21,1,0,2.0,0.0,0.0,0.0,0.0,0.0,0.0,0.0,0.0,0.0,0.0,0.0,0.0,0.0,0.0,2009-2010
Stephen Ireland,Midfielders,21,35,34,3030.0,33.7,9.0,9.0,18.0,9.0,0.0,0.0,8.0,0.0,0.27,0.27,0.53,0.27,0.53,2008-2009
Vincent Kompany,Defenders,22,34,34,2990.0,33.2,1.0,2.0,3.0,1.0,0.0,0.0,8.0,0.0,0.03,0.06,0.09,0.03,0.09,2008-2009
Micah Richards,Defenders,20,34,33,2704.0,30.0,1.0,1.0,2.0,1.0,0.0,0.0,2.0,0.0,0.03,0.03,0.07,0.03,0.07,2008-2009
Richard Dunne,Defenders,28,31,31,2732.0,30.4,1.0,0.0,1.0,1.0,0.0,0.0,4.0,2.0,0.03,0.0,0.03,0.03,0.03,2008-2009
Robinho,"Forwards, Midfielders",24,31,30,2623.0,29.1,14.0,5.0,19.0,13.0,1.0,2.0,3.0,0.0,0.48,0.17,0.65,0.45,0.62,2008-2009
Shaun Wright-Phillips,"Forwards, Midfielders",26,27,27,2423.0,26.9,5.0,3.0,8.0,5.0,0.0,0.0,3.0,0.0,0.19,0.11,0.3,0.19,0.3,2008-2009
Pablo Zabaleta,"Defenders, Midfielders",23,29,26,2373.0,26.4,1.0,2.0,3.0,1.0,0.0,0.0,3.0,1.0,0.04,0.08,0.11,0.04,0.11,2008-2009
Joe Hart,Goalkeepers,21,23,23,1998.0,22.2,0.0,0.0,0.0,0.0,0.0,0.0,0.0,0.0,0.0,0.0,0.0,0.0,0.0,2008-2009
Elano,Midfielders,27,28,21,1868.0,20.8,6.0,3.0,9.0,2.0,4.0,4.0,3.0,0.0,0.29,0.14,0.43,0.1,0.24,2008-2009
Nedum Onuoha,Defenders,21,23,20,1872.0,20.8,1.0,1.0,2.0,1.0,0.0,0.0,1.0,0.0,0.05,0.05,0.1,0.05,0.1,2008-2009
Wayne Bridge,Defenders,27,16,16,1359.0,15.1,0.0,0.0,0.0,0.0,0.0,0.0,0.0,0.0,0.0,0.0,0.0,0.0,0.0,2008-2009
Nigel de Jong,Midfielders,23,16,16,1344.0,14.9,0.0,1.0,1.0,0.0,0.0,0.0,3.0,0.0,0.0,0.07,0.07,0.0,0.07,2008-2009
Shay Given,Goalkeepers,32,15,15,1350.0,15.0,0.0,0.0,0.0,0.0,0.0,0.0,0.0,0.0,0.0,0.0,0.0,0.0,0.0,2008-2009
Javier Garrido,Defenders,23,13,11,998.0,11.1,1.0,1.0,2.0,1.0,0.0,0.0,1.0,0.0,0.09,0.09,0.18,0.09,0.18,2008-2009
Felipe Caicedo,"Forwards, Midfielders",19,17,10,819.0,9.1,4.0,0.0,4.0,4.0,0.0,0.0,2.0,0.0,0.44,0.0,0.44,0.44,0.44,2008-2009
Tal Ben Haim,Defenders,26,9,8,765.0,8.5,0.0,0.0,0.0,0.0,0.0,0.0,2.0,0.0,0.0,0.0,0.0,0.0,0.0,2008-2009
Michael Ball,Defenders,28,8,8,713.0,7.9,0.0,1.0,1.0,0.0,0.0,0.0,0.0,0.0,0.0,0.13,0.13,0.0,0.13,2008-2009
Craig Bellamy,Forwards,29,8,7,631.0,7.0,2.0,0.0,2.0,2.0,0.0,0.0,1.0,0.0,0.29,0.0,0.29,0.29,0.29,2008-2009
Benjani,Forwards,29,8,7,550.0,6.1,1.0,1.0,2.0,1.0,0.0,0.0,0.0,0.0,0.16,0.16,0.33,0.16,0.33,2008-2009
Jô,Forwards,21,9,6,587.0,6.5,1.0,2.0,3.0,1.0,0.0,0.0,0.0,0.0,0.15,0.31,0.46,0.15,0.46,2008-2009
Darius Vassell,"Forwards, Midfielders",28,8,6,446.0,5.0,0.0,0.0,0.0,0.0,0.0,0.0,1.0,0.0,0.0,0.0,0.0,0.0,0.0,2008-2009
Dietmar Hamann,Midfielders,34,9,5,476.0,5.3,0.0,0.0,0.0,0.0,0.0,0.0,0.0,0.0,0.0,0.0,0.0,0.0,0.0,2008-2009
Martin Petrov,"Forwards, Midfielders",29,9,4,339.0,3.8,0.0,0.0,0.0,0.0,0.0,0.0,0.0,0.0,0.0,0.0,0.0,0.0,0.0,2008-2009
Gelson Fernandes,Midfielders,21,17,3,501.0,5.6,1.0,0.0,1.0,1.0,0.0,0.0,3.0,1.0,0.18,0.0,0.18,0.18,0.18,2008-2009
Daniel Sturridge,"Forwards, Midfielders",18,16,3,448.0,5.0,4.0,3.0,7.0,3.0,1.0,1.0,0.0,0.0,0.8,0.6,1.41,0.6,1.21,2008-2009
Ched Evans,Forwards,19,16,3,414.0,4.6,1.0,1.0,2.0,1.0,0.0,0.0,1.0,0.0,0.22,0.22,0.43,0.22,0.43,2008-2009
Vedran Ćorluka,Defenders,22,3,3,270.0,3.0,1.0,0.0,1.0,1.0,0.0,0.0,0.0,0.0,0.33,0.0,0.33,0.33,0.33,2008-2009
Michael Johnson,Midfielders,20,3,3,260.0,2.9,0.0,0.0,0.0,0.0,0.0,0.0,0.0,0.0,0.0,0.0,0.0,0.0,0.0,2008-2009
Valeri Bojinov,Forwards,22,8,2,225.0,2.5,1.0,1.0,2.0,1.0,0.0,0.0,1.0,0.0,0.4,0.4,0.8,0.4,0.8,2008-2009
Kelvin Etuhu,"Forwards, Midfielders",20,4,2,192.0,2.1,0.0,0.0,0.0,0.0,0.0,0.0,0.0,0.0,0.0,0.0,0.0,0.0,0.0,2008-2009
Shay Logan,"Defenders, Midfielders",20,1,1,90.0,1.0,0.0,0.0,0.0,0.0,0.0,0.0,0.0,0.0,0.0,0.0,0.0,0.0,0.0,2008-2009
Kasper Schmeichel,Goalkeepers,21,1,0,72.0,0.8,0.0,0.0,0.0,0.0,0.0,0.0,0.0,0.0,0.0,0.0,0.0,0.0,0.0,2008-2009
Vladimír Weiss,"Forwards, Midfielders",18,1,0,20.0,0.2,0.0,0.0,0.0,0.0,0.0,0.0,0.0,0.0,0.0,0.0,0.0,0.0,0.0,2008-2009
Gláuber,Defenders,24,1,0,7.0,0.1,0.0,0.0,0.0,0.0,0.0,0.0,0.0,0.0,0.0,0.0,0.0,0.0,0.0,2008-2009
Richard Dunne,Defenders,27,36,36,3039.0,33.8,0.0,0.0,0.0,0.0,0.0,0.0,4.0,2.0,0.0,0.0,0.0,0.0,0.0,2007-2008
Martin Petrov,"Forwards, Midfielders",28,34,34,2972.0,33.0,5.0,8.0,13.0,5.0,0.0,0.0,2.0,1.0,0.15,0.24,0.39,0.15,0.39,2007-2008
Vedran Ćorluka,Defenders,21,35,34,2970.0,33.0,0.0,2.0,2.0,0.0,0.0,0.0,4.0,0.0,0.0,0.06,0.06,0.0,0.06,2007-2008
Stephen Ireland,Midfielders,20,33,32,2548.0,28.3,4.0,4.0,8.0,4.0,0.0,0.0,1.0,1.0,0.14,0.14,0.28,0.14,0.28,2007-2008
Elano,Midfielders,26,34,29,2437.0,27.1,8.0,9.0,17.0,6.0,2.0,2.0,3.0,0.0,0.3,0.33,0.63,0.22,0.55,2007-2008
Joe Hart,Goalkeepers,20,26,26,2340.0,26.0,0.0,0.0,0.0,0.0,0.0,0.0,0.0,0.0,0.0,0.0,0.0,0.0,0.0,2007-2008
Dietmar Hamann,Midfielders,33,29,26,2203.0,24.5,0.0,0.0,0.0,0.0,0.0,0.0,8.0,0.0,0.0,0.0,0.0,0.0,0.0,2007-2008
Micah Richards,Defenders,19,25,25,2250.0,25.0,0.0,0.0,0.0,0.0,0.0,0.0,4.0,0.0,0.0,0.0,0.0,0.0,0.0,2007-2008
Michael Johnson,Midfielders,19,23,23,1930.0,21.4,2.0,2.0,4.0,2.0,0.0,0.0,4.0,0.0,0.09,0.09,0.19,0.09,0.19,2007-2008
Gelson Fernandes,Midfielders,20,26,21,1961.0,21.8,2.0,0.0,2.0,2.0,0.0,0.0,5.0,0.0,0.09,0.0,0.09,0.09,0.09,2007-2008
Javier Garrido,Defenders,22,27,21,1898.0,21.1,0.0,1.0,1.0,0.0,0.0,0.0,4.0,0.0,0.0,0.05,0.05,0.0,0.05,2007-2008
Darius Vassell,"Forwards, Midfielders",27,27,21,1767.0,19.6,6.0,3.0,9.0,6.0,0.0,0.0,2.0,0.0,0.31,0.15,0.46,0.31,0.46,2007-2008
Michael Ball,Defenders,27,28,19,1875.0,20.8,0.0,0.0,0.0,0.0,0.0,0.0,2.0,0.0,0.0,0.0,0.0,0.0,0.0,2007-2008
Nedum Onuoha,Defenders,20,16,13,1222.0,13.6,1.0,1.0,2.0,1.0,0.0,0.0,0.0,0.0,0.07,0.07,0.15,0.07,0.15,2007-2008
Benjani,Forwards,28,13,13,1063.0,11.8,3.0,0.0,3.0,3.0,0.0,0.0,0.0,0.0,0.25,0.0,0.25,0.25,0.25,2007-2008
Émile Mpenza,Forwards,29,15,8,743.0,8.3,2.0,0.0,2.0,2.0,0.0,0.0,0.0,0.0,0.24,0.0,0.24,0.24,0.24,2007-2008
Sun Jihai,Defenders,29,14,7,817.0,9.1,0.0,0.0,0.0,0.0,0.0,0.0,2.0,0.0,0.0,0.0,0.0,0.0,0.0,2007-2008
Rolando Bianchi,Forwards,24,19,7,769.0,8.5,4.0,1.0,5.0,4.0,0.0,0.0,0.0,0.0,0.47,0.12,0.59,0.47,0.59,2007-2008
Kasper Schmeichel,Goalkeepers,20,7,7,630.0,7.0,0.0,0.0,0.0,0.0,0.0,0.0,0.0,0.0,0.0,0.0,0.0,0.0,0.0,2007-2008
Andreas Isaksson,Goalkeepers,25,5,5,450.0,5.0,0.0,0.0,0.0,0.0,0.0,0.0,0.0,0.0,0.0,0.0,0.0,0.0,0.0,2007-2008
Geovanni,"Forwards, Midfielders",27,19,2,412.0,4.6,3.0,1.0,4.0,3.0,0.0,0.0,4.0,0.0,0.66,0.22,0.87,0.66,0.87,2007-2008
Nery Castillo,"Defenders, Forwards",23,7,2,296.0,3.3,0.0,0.0,0.0,0.0,0.0,0.0,0.0,0.0,0.0,0.0,0.0,0.0,0.0,2007-2008
Georgios Samaras,"Forwards, Midfielders",22,5,2,255.0,2.8,0.0,0.0,0.0,0.0,0.0,0.0,0.0,0.0,0.0,0.0,0.0,0.0,0.0,2007-2008
Kelvin Etuhu,"Forwards, Midfielders",19,6,2,204.0,2.3,1.0,1.0,2.0,1.0,0.0,0.0,1.0,0.0,0.44,0.44,0.88,0.44,0.88,2007-2008
Daniel Sturridge,"Forwards, Midfielders",17,3,2,150.0,1.7,1.0,0.0,1.0,1.0,0.0,0.0,0.0,0.0,0.6,0.0,0.6,0.6,0.6,2007-2008
Valeri Bojinov,Forwards,21,3,1,50.0,0.6,0.0,0.0,0.0,0.0,0.0,0.0,0.0,0.0,0.0,0.0,0.0,0.0,0.0,2007-2008
Felipe Caicedo,"Forwards, Midfielders",18,10,0,222.0,2.5,0.0,0.0,0.0,0.0,0.0,0.0,1.0,0.0,0.0,0.0,0.0,0.0,0.0,2007-2008
Sam Williamson,"Defenders, Midfielders",19,1,0,37.0,0.4,0.0,0.0,0.0,0.0,0.0,0.0,1.0,0.0,0.0,0.0,0.0,0.0,0.0,2007-2008
Richard Dunne,Defenders,26,38,38,3420.0,38.0,1.0,0.0,1.0,1.0,0.0,0.0,4.0,0.0,0.03,0.0,0.03,0.03,0.03,2006-2007
Sylvain Distin,Defenders,28,37,37,3256.0,36.2,2.0,0.0,2.0,2.0,0.0,0.0,1.0,0.0,0.06,0.0,0.06,0.06,0.06,2006-2007
Joey Barton,Midfielders,23,33,33,2967.0,33.0,6.0,4.0,10.0,5.0,1.0,2.0,10.0,1.0,0.18,0.12,0.3,0.15,0.27,2006-2007
Darius Vassell,"Forwards, Midfielders",26,32,28,2562.0,28.5,3.0,1.0,4.0,3.0,0.0,1.0,6.0,0.0,0.11,0.04,0.14,0.11,0.14,2006-2007
Micah Richards,Defenders,18,28,28,2346.0,26.1,1.0,0.0,1.0,1.0,0.0,0.0,2.0,0.0,0.04,0.0,0.04,0.04,0.04,2006-2007
Nicky Weaver,Goalkeepers,27,25,25,2151.0,23.9,0.0,0.0,0.0,0.0,0.0,0.0,0.0,0.0,0.0,0.0,0.0,0.0,0.0,2006-2007
Bernardo Corradi,Forwards,30,25,19,1585.0,17.6,3.0,2.0,5.0,3.0,0.0,0.0,4.0,2.0,0.17,0.11,0.28,0.17,0.28,2006-2007
Georgios Samaras,"Forwards, Midfielders",21,36,16,1696.0,18.8,4.0,6.0,10.0,3.0,1.0,1.0,0.0,0.0,0.21,0.32,0.53,0.16,0.48,2006-2007
Hatem Trabelsi,Defenders,29,20,16,1366.0,15.2,1.0,1.0,2.0,1.0,0.0,0.0,2.0,0.0,0.07,0.07,0.13,0.07,0.13,2006-2007
Nedum Onuoha,Defenders,19,18,15,1326.0,14.7,0.0,0.0,0.0,0.0,0.0,0.0,0.0,0.0,0.0,0.0,0.0,0.0,0.0,2006-2007
Stephen Ireland,Midfielders,19,24,14,1338.0,14.9,1.0,1.0,2.0,1.0,0.0,0.0,0.0,0.0,0.07,0.07,0.13,0.07,0.13,2006-2007
Trevor Sinclair,Midfielders,33,18,14,1293.0,14.4,0.0,0.0,0.0,0.0,0.0,0.0,4.0,0.0,0.0,0.0,0.0,0.0,0.0,2006-2007
Andreas Isaksson,Goalkeepers,24,14,12,1179.0,13.1,0.0,0.0,0.0,0.0,0.0,0.0,0.0,0.0,0.0,0.0,0.0,0.0,0.0,2006-2007
Michael Ball,Defenders,26,12,12,1076.0,12.0,0.0,0.0,0.0,0.0,0.0,0.0,1.0,0.0,0.0,0.0,0.0,0.0,0.0,2006-2007
Stephen Jordan,Defenders,24,13,12,1041.0,11.6,0.0,0.0,0.0,0.0,0.0,0.0,2.0,0.0,0.0,0.0,0.0,0.0,0.0,2006-2007
Dietmar Hamann,Midfielders,32,16,12,985.0,10.9,0.0,1.0,1.0,0.0,0.0,0.0,5.0,0.0,0.0,0.09,0.09,0.0,0.09,2006-2007
Claudio Reyna,Midfielders,33,15,12,955.0,10.6,0.0,0.0,0.0,0.0,0.0,,2.0,0.0,0.0,0.0,0.0,0.0,0.0,2006-2007
DaMarcus Beasley,"Defenders, Forwards",24,18,11,1026.0,11.4,3.0,1.0,4.0,3.0,0.0,0.0,1.0,0.0,0.26,0.09,0.35,0.26,0.35,2006-2007
Ben Thatcher,Defenders,30,11,11,955.0,10.6,0.0,0.0,0.0,0.0,0.0,0.0,5.0,0.0,0.0,0.0,0.0,0.0,0.0,2006-2007
Sun Jihai,Defenders,28,13,10,999.0,11.1,0.0,0.0,0.0,0.0,0.0,0.0,1.0,0.0,0.0,0.0,0.0,0.0,0.0,2006-2007
Michael Johnson,Midfielders,18,10,10,900.0,10.0,0.0,2.0,2.0,0.0,0.0,0.0,1.0,0.0,0.0,0.2,0.2,0.0,0.2,2006-2007
Ousmane Dabo,Midfielders,29,13,10,882.0,9.8,0.0,0.0,0.0,0.0,0.0,0.0,3.0,1.0,0.0,0.0,0.0,0.0,0.0,2006-2007
Émile Mpenza,Forwards,28,10,9,826.0,9.2,3.0,1.0,4.0,3.0,0.0,0.0,1.0,0.0,0.33,0.11,0.44,0.33,0.44,2006-2007
Paul Dickov,Forwards,33,16,9,816.0,9.1,0.0,2.0,2.0,0.0,0.0,0.0,4.0,0.0,0.0,0.22,0.22,0.0,0.22,2006-2007
Ishmael Miller,Forwards,19,16,3,447.0,5.0,0.0,0.0,0.0,0.0,0.0,0.0,1.0,0.0,0.0,0.0,0.0,0.0,0.0,2006-2007
Joe Hart,Goalkeepers,19,1,1,90.0,1.0,0.0,0.0,0.0,0.0,0.0,0.0,0.0,0.0,0.0,0.0,0.0,0.0,0.0,2006-2007
Matt Mills,Defenders,20,1,1,59.0,0.7,0.0,0.0,0.0,0.0,0.0,,0.0,0.0,0.0,0.0,0.0,0.0,0.0,2006-2007
Daniel Sturridge,"Forwards, Midfielders",16,2,0,20.0,0.2,0.0,0.0,0.0,0.0,0.0,0.0,0.0,0.0,0.0,0.0,0.0,0.0,0.0,2006-2007
Danny Mills,Defenders,29,1,0,10.0,0.1,0.0,0.0,0.0,0.0,0.0,0.0,0.0,0.0,0.0,0.0,0.0,0.0,0.0,2006-2007
David James,Goalkeepers,34,38,38,3420.0,38.0,0.0,0.0,0.0,0.0,0.0,0.0,1.0,0.0,0.0,0.0,0.0,0.0,0.0,2005-2006
Darius Vassell,"Forwards, Midfielders",25,36,36,3030.0,33.7,8.0,7.0,15.0,8.0,0.0,0.0,4.0,0.0,0.24,0.21,0.45,0.24,0.45,2005-2006
Richard Dunne,Defenders,25,32,31,2793.0,31.0,3.0,0.0,3.0,3.0,0.0,0.0,9.0,0.0,0.1,0.0,0.1,0.1,0.1,2005-2006
Sylvain Distin,Defenders,27,31,31,2736.0,30.4,0.0,1.0,1.0,0.0,0.0,0.0,3.0,1.0,0.0,0.03,0.03,0.0,0.03,2005-2006
Joey Barton,Midfielders,22,31,31,2728.0,30.3,6.0,4.0,10.0,5.0,1.0,2.0,11.0,1.0,0.2,0.13,0.33,0.16,0.3,2005-2006
Trevor Sinclair,Midfielders,32,31,29,2400.0,26.7,3.0,3.0,6.0,3.0,0.0,0.0,5.0,0.0,0.11,0.11,0.23,0.11,0.23,2005-2006
Kiki Musampa,"Forwards, Midfielders",28,27,24,1993.0,22.1,0.0,1.0,1.0,0.0,0.0,0.0,4.0,0.0,0.0,0.05,0.05,0.0,0.05,2005-2006
Claudio Reyna,Midfielders,32,22,22,1807.0,20.1,1.0,1.0,2.0,1.0,0.0,0.0,3.0,0.0,0.05,0.05,0.1,0.05,0.1,2005-2006
Andy Cole,Forwards,33,22,20,1759.0,19.5,9.0,5.0,14.0,9.0,0.0,0.0,5.0,1.0,0.46,0.26,0.72,0.46,0.72,2005-2006
Ben Thatcher,Defenders,29,18,18,1571.0,17.5,0.0,0.0,0.0,0.0,0.0,0.0,5.0,0.0,0.0,0.0,0.0,0.0,0.0,2005-2006
Stephen Jordan,Defenders,23,18,18,1565.0,17.4,0.0,0.0,0.0,0.0,0.0,0.0,3.0,1.0,0.0,0.0,0.0,0.0,0.0,2005-2006
Danny Mills,Defenders,28,18,18,1486.0,16.5,1.0,0.0,1.0,1.0,0.0,0.0,6.0,0.0,0.06,0.0,0.06,0.06,0.06,2005-2006
Sun Jihai,Defenders,27,29,16,1719.0,19.1,0.0,0.0,0.0,0.0,0.0,0.0,3.0,0.0,0.0,0.0,0.0,0.0,0.0,2005-2006
David Sommeil,Defenders,30,16,14,1197.0,13.3,2.0,1.0,3.0,2.0,0.0,0.0,2.0,0.0,0.15,0.08,0.23,0.15,0.23,2005-2006
Stephen Ireland,Midfielders,18,24,13,1275.0,14.2,0.0,2.0,2.0,0.0,0.0,0.0,0.0,0.0,0.0,0.14,0.14,0.0,0.14,2005-2006
Antoine Sibierski,"Forwards, Midfielders",30,24,12,1109.0,12.3,2.0,1.0,3.0,2.0,0.0,0.0,0.0,0.0,0.16,0.08,0.24,0.16,0.24,2005-2006
Albert Riera,"Defenders, Forwards",23,15,12,1069.0,11.9,1.0,0.0,1.0,1.0,0.0,0.0,2.0,0.0,0.08,0.0,0.08,0.08,0.08,2005-2006
Micah Richards,Defenders,17,13,11,1007.0,11.2,0.0,1.0,1.0,0.0,0.0,0.0,2.0,0.0,0.0,0.09,0.09,0.0,0.09,2005-2006
Georgios Samaras,"Forwards, Midfielders",20,14,10,946.0,10.5,4.0,1.0,5.0,4.0,0.0,0.0,1.0,0.0,0.38,0.1,0.48,0.38,0.48,2005-2006
Nedum Onuoha,Defenders,18,10,8,720.0,8.0,0.0,0.0,0.0,0.0,0.0,0.0,1.0,0.0,0.0,0.0,0.0,0.0,0.0,2005-2006
Lee Croft,Midfielders,20,21,4,634.0,7.0,1.0,1.0,2.0,1.0,0.0,0.0,1.0,0.0,0.14,0.14,0.28,0.14,0.28,2005-2006
Bradley Wright-Phillips,Forwards,20,18,1,323.0,3.6,1.0,0.0,1.0,1.0,0.0,0.0,1.0,0.0,0.28,0.0,0.28,0.28,0.28,2005-2006
Willo Flood,"Defenders, Midfielders",20,5,1,134.0,1.5,0.0,0.0,0.0,0.0,0.0,0.0,0.0,0.0,0.0,0.0,0.0,0.0,0.0,2005-2006
Robbie Fowler,Forwards,30,4,0,64.0,0.7,1.0,0.0,1.0,,,,1.0,0.0,1.41,0.0,1.41,,,2005-2006
Ishmael Miller,Forwards,18,1,0,29.0,0.3,0.0,0.0,0.0,0.0,0.0,0.0,0.0,0.0,0.0,0.0,0.0,0.0,0.0,2005-2006
Matt Mills,Defenders,19,1,0,6.0,0.1,0.0,0.0,0.0,0.0,0.0,0.0,0.0,0.0,0.0,0.0,0.0,0.0,0.0,2005-2006
David James,Goalkeepers,33,38,38,3420.0,38.0,0.0,0.0,0.0,0.0,0.0,0.0,0.0,0.0,0.0,0.0,0.0,0.0,0.0,2004-2005
Sylvain Distin,Defenders,26,38,38,3402.0,37.8,1.0,0.0,1.0,1.0,0.0,0.0,3.0,0.0,0.03,0.0,0.03,0.03,0.03,2004-2005
Richard Dunne,Defenders,24,35,35,3120.0,34.7,1.0,3.0,4.0,1.0,0.0,0.0,6.0,1.0,0.03,0.09,0.12,0.03,0.12,2004-2005
Antoine Sibierski,"Forwards, Midfielders",29,35,34,2867.0,31.9,4.0,1.0,5.0,3.0,1.0,1.0,3.0,0.0,0.13,0.03,0.16,0.09,0.13,2004-2005
Shaun Wright-Phillips,"Forwards, Midfielders",22,34,33,2998.0,33.3,10.0,4.0,14.0,10.0,0.0,0.0,0.0,0.0,0.3,0.12,0.42,0.3,0.42,2004-2005
Danny Mills,Defenders,27,32,29,2607.0,29.0,0.0,3.0,3.0,0.0,0.0,0.0,5.0,1.0,0.0,0.1,0.1,0.0,0.1,2004-2005
Joey Barton,Midfielders,21,31,28,2502.0,27.8,1.0,5.0,6.0,1.0,0.0,0.0,9.0,0.0,0.04,0.18,0.22,0.04,0.22,2004-2005
Robbie Fowler,Forwards,29,32,28,2495.0,27.7,11.0,5.0,16.0,9.0,2.0,3.0,3.0,0.0,0.4,0.18,0.58,0.32,0.51,2004-2005
Paul Bosvelt,"Defenders, Midfielders",34,28,28,2435.0,27.1,2.0,0.0,2.0,2.0,0.0,0.0,6.0,0.0,0.07,0.0,0.07,0.07,0.07,2004-2005
Stephen Jordan,Defenders,22,19,19,1620.0,18.0,0.0,0.0,0.0,0.0,0.0,0.0,5.0,0.0,0.0,0.0,0.0,0.0,0.0,2004-2005
Nicolas Anelka,Forwards,25,19,18,1510.0,16.8,7.0,2.0,9.0,5.0,2.0,2.0,0.0,0.0,0.42,0.12,0.54,0.3,0.42,2004-2005
Ben Thatcher,Defenders,28,18,17,1546.0,17.2,0.0,0.0,0.0,0.0,0.0,0.0,2.0,0.0,0.0,0.0,0.0,0.0,0.0,2004-2005
Claudio Reyna,Midfielders,31,17,16,1463.0,16.3,2.0,1.0,3.0,2.0,0.0,0.0,0.0,0.0,0.12,0.06,0.18,0.12,0.18,2004-2005
Jon Macken,Forwards,26,23,16,1395.0,15.5,1.0,3.0,4.0,1.0,0.0,0.0,0.0,0.0,0.06,0.19,0.26,0.06,0.26,2004-2005
Kiki Musampa,"Forwards, Midfielders",27,14,14,1240.0,13.8,3.0,2.0,5.0,3.0,0.0,0.0,0.0,0.0,0.22,0.15,0.36,0.22,0.36,2004-2005
Nedum Onuoha,Defenders,17,17,11,1068.0,11.9,0.0,0.0,0.0,0.0,0.0,0.0,0.0,0.0,0.0,0.0,0.0,0.0,0.0,2004-2005
Steve McManaman,Midfielders,32,13,5,637.0,7.1,0.0,0.0,0.0,0.0,0.0,0.0,1.0,0.0,0.0,0.0,0.0,0.0,0.0,2004-2005
Willo Flood,"Defenders, Midfielders",19,9,4,381.0,4.2,1.0,0.0,1.0,1.0,0.0,0.0,1.0,0.0,0.24,0.0,0.24,0.24,0.24,2004-2005
Sun Jihai,Defenders,26,6,4,333.0,3.7,0.0,0.0,0.0,0.0,0.0,0.0,0.0,0.0,0.0,0.0,0.0,0.0,0.0,2004-2005
Trevor Sinclair,Midfielders,31,4,2,194.0,2.2,1.0,0.0,1.0,1.0,0.0,0.0,0.0,0.0,0.46,0.0,0.46,0.46,0.46,2004-2005
David Sommeil,Defenders,29,1,1,90.0,1.0,0.0,0.0,0.0,0.0,0.0,0.0,0.0,0.0,0.0,0.0,0.0,0.0,0.0,2004-2005
Bradley Wright-Phillips,Forwards,19,14,0,190.0,2.1,1.0,0.0,1.0,1.0,0.0,0.0,0.0,0.0,0.47,0.0,0.47,0.47,0.47,2004-2005
Lee Croft,Midfielders,19,7,0,77.0,0.9,0.0,1.0,1.0,0.0,0.0,0.0,0.0,0.0,0.0,1.17,1.17,0.0,1.17,2004-2005
Christian Negouai,"Defenders, Midfielders",26,1,0,3.0,0.0,0.0,0.0,0.0,0.0,0.0,0.0,0.0,1.0,0.0,0.0,0.0,0.0,0.0,2004-2005
Nicky Weaver,Goalkeepers,25,1,0,3.0,0.0,0.0,0.0,0.0,0.0,0.0,,0.0,0.0,0.0,0.0,0.0,0.0,0.0,2004-2005
Sylvain Distin,Defenders,25,38,38,3420.0,38.0,2.0,0.0,2.0,2.0,0.0,0.0,6.0,0.0,0.05,0.0,0.05,0.05,0.05,2003-2004
Michael Tarnat,"Defenders, Midfielders",33,32,32,2861.0,31.8,3.0,5.0,8.0,3.0,0.0,0.0,5.0,0.0,0.09,0.16,0.25,0.09,0.25,2003-2004
Shaun Wright-Phillips,"Forwards, Midfielders",21,34,32,2847.0,31.6,7.0,2.0,9.0,7.0,0.0,0.0,2.0,1.0,0.22,0.06,0.28,0.22,0.28,2003-2004
Nicolas Anelka,Forwards,24,32,31,2737.0,30.4,16.0,4.0,20.0,12.0,4.0,4.0,1.0,1.0,0.53,0.13,0.66,0.39,0.53,2003-2004
Sun Jihai,Defenders,25,33,29,2635.0,29.3,1.0,5.0,6.0,1.0,0.0,0.0,8.0,0.0,0.03,0.17,0.2,0.03,0.2,2003-2004
Richard Dunne,Defenders,23,29,28,2500.0,27.8,0.0,0.0,0.0,0.0,0.0,0.0,5.0,0.0,0.0,0.0,0.0,0.0,0.0,2003-2004
Joey Barton,Midfielders,20,28,24,2186.0,24.3,1.0,2.0,3.0,1.0,0.0,0.0,8.0,0.0,0.04,0.08,0.12,0.04,0.12,2003-2004
Robbie Fowler,Forwards,28,31,23,1911.0,21.2,7.0,0.0,7.0,7.0,0.0,0.0,2.0,0.0,0.33,0.0,0.33,0.33,0.33,2003-2004
Paul Bosvelt,"Defenders, Midfielders",33,25,22,1914.0,21.3,0.0,1.0,1.0,0.0,0.0,0.0,3.0,0.0,0.0,0.05,0.05,0.0,0.05,2003-2004
Trevor Sinclair,Midfielders,30,29,20,1993.0,22.1,1.0,2.0,3.0,1.0,0.0,0.0,2.0,0.0,0.05,0.09,0.14,0.05,0.14,2003-2004
Steve McManaman,Midfielders,31,22,20,1615.0,17.9,0.0,1.0,1.0,0.0,0.0,0.0,1.0,0.0,0.0,0.06,0.06,0.0,0.06,2003-2004
David Seaman,Goalkeepers,39,19,19,1595.0,17.7,0.0,0.0,0.0,0.0,0.0,0.0,0.0,0.0,0.0,0.0,0.0,0.0,0.0,2003-2004
Claudio Reyna,Midfielders,30,23,19,1564.0,17.4,1.0,1.0,2.0,1.0,0.0,0.0,0.0,0.0,0.06,0.06,0.12,0.06,0.12,2003-2004
Antoine Sibierski,"Forwards, Midfielders",28,33,18,1745.0,19.4,5.0,4.0,9.0,5.0,0.0,0.0,1.0,0.0,0.26,0.21,0.46,0.26,0.46,2003-2004
David Sommeil,Defenders,28,18,18,1620.0,18.0,1.0,0.0,1.0,1.0,0.0,0.0,3.0,0.0,0.06,0.0,0.06,0.06,0.06,2003-2004
David James,Goalkeepers,32,17,17,1530.0,17.0,0.0,0.0,0.0,0.0,0.0,0.0,0.0,0.0,0.0,0.0,0.0,0.0,0.0,2003-2004
Paulo Wanchope,Forwards,27,22,12,1195.0,13.3,6.0,2.0,8.0,6.0,0.0,0.0,1.0,0.0,0.45,0.15,0.6,0.45,0.6,2003-2004
Jon Macken,Forwards,25,15,7,658.0,7.3,1.0,2.0,3.0,1.0,0.0,0.0,0.0,0.0,0.14,0.27,0.41,0.14,0.41,2003-2004
Daniel Van Buyten,Defenders,25,5,5,435.0,4.8,0.0,0.0,0.0,0.0,0.0,0.0,0.0,1.0,0.0,0.0,0.0,0.0,0.0,2003-2004
Kevin Stuhr Ellegaard,Goalkeepers,20,4,2,295.0,3.3,0.0,0.0,0.0,0.0,0.0,0.0,0.0,0.0,0.0,0.0,0.0,0.0,0.0,2003-2004
Danny Tiatto,"Defenders, Midfielders",30,5,1,148.0,1.6,0.0,1.0,1.0,0.0,0.0,0.0,1.0,0.0,0.0,0.61,0.61,0.0,0.61,2003-2004
Eyal Berkovic,Midfielders,31,3,0,141.0,1.6,0.0,0.0,0.0,0.0,0.0,0.0,0.0,0.0,0.0,0.0,0.0,0.0,0.0,2003-2004
Stephen Elliott,Forwards,19,2,0,18.0,0.2,0.0,0.0,0.0,0.0,0.0,0.0,0.0,0.0,0.0,0.0,0.0,0.0,0.0,2003-2004
Stephen Jordan,Defenders,21,2,0,10.0,0.1,0.0,0.0,0.0,0.0,0.0,0.0,0.0,0.0,0.0,0.0,0.0,0.0,0.0,2003-2004
